Authors,Title,Publication,Volume,Number,Pages,Year,Publisher
"Feist, Adam M; Henry, Christopher S; Reed, Jennifer L; Krummenacker, Markus; Joyce, Andrew R; Karp, Peter D; Broadbelt, Linda J; Hatzimanikatis, Vassily; Palsson, Bernhard Ø; ",A genome‐scale metabolic reconstruction for Escherichia coli K‐12 MG1655 that accounts for 1260 ORFs and thermodynamic information,Molecular systems biology,3,1,121,2007,"John Wiley & Sons, Ltd Chichester, UK"
"Henry, Christopher S; Broadbelt, Linda J; Hatzimanikatis, Vassily; ",Thermodynamics-based metabolic flux analysis,Biophysical journal,92,5,1792-1805,2007,Elsevier
"Henry, Christopher S; Jankowski, Matthew D; Broadbelt, Linda J; Hatzimanikatis, Vassily; ",Genome-scale thermodynamic analysis of Escherichia coli metabolism,Biophysical journal,90,4,1453-1461,2006,Cell Press
"Hatzimanikatis, Vassily; Li, Chunhui; Ionita, Justin A; Henry, Christopher S; Jankowski, Matthew D; Broadbelt, Linda J; ",Exploring the diversity of complex metabolic networks,Bioinformatics,21,8,1603-1609,2005,Oxford University Press
"Jankowski, Matthew D; Henry, Christopher S; Broadbelt, Linda J; Hatzimanikatis, Vassily; ",Group contribution method for thermodynamic analysis of complex metabolic networks,Biophysical journal,95,3,1487-1499,2008,Elsevier
"Li, Chunhui; Henry, Christopher S; Jankowski, Matthew D; Ionita, Justin A; Hatzimanikatis, Vassily; Broadbelt, Linda J; ",Computational discovery of biochemical routes to specialty chemicals,Chemical engineering science,59,22-23,5051-5060,2004,Pergamon
"Henry, Christopher S; DeJongh, Matthew; Best, Aaron A; Frybarger, Paul M; Linsay, Ben; Stevens, Rick L; ","High-throughput generation, optimization and analysis of genome-scale metabolic models",Nature biotechnology,28,9,977-982,2010,Nature Publishing Group
"Henry, Christopher S; Zinner, Jenifer F; Cohoon, Matthew P; Stevens, Rick L; ",iBsu1103: a new genome-scale metabolic model of Bacillus subtilis based on SEED annotations,Genome Biol,10,6,R69,2009,
"Wilkens, Robert J; Henry, Christopher; Gates, Lewis E; ",How to scale-up mixing processes in non-Newtonian fluids,Chem Eng Prog,99,5,44-52,2003,
"Henry, Christopher S; Broadbelt, Linda J; Hatzimanikatis, Vassily; ",Discovery and analysis of novel metabolic pathways for the biosynthesis of industrial chemicals: 3‐hydroxypropanoate,Biotechnology and bioengineering,106,3,462-473,2010,Wiley Online Library
"Henry, Christopher; Overbeek, Ross; Stevens, Rick L; ",Building the blueprint of life,Biotechnology journal,5,7,695-704,2010,WILEY‐VCH Verlag Weinheim
"Henry, Christopher S; Xia, Fangfang; Stevens, Rick; ","Application of high-performance computing to the reconstruction, analysis, and optimization of genome-scale metabolic models",Journal of Physics: Conference Series,180,1,012025,2009,IOP Publishing
"Henry, Christopher Scott; ",Computational thermodynamic and biosynthetic analysis of genome-scale metabolic models,,,,,2007,Northwestern University
"Faria, José P; Rocha, Miguel; Stevens, Rick L; Henry, Christopher S; ",Analysis of the effect of reversibility constraints on the predictions of genome-scale metabolic models,Advances in Bioinformatics,,,209-215,2010,"Springer, Berlin, Heidelberg"
"Henry, Christopher S; Overbeek, Ross; Xia, Fangfang; Best, Aaron A; Glass, Elizabeth; Gilbert, Jack; Larsen, Peter; Edwards, Rob; Disz, Terry; Meyer, Folker; ",Connecting genotype to phenotype in the era of high-throughput sequencing,Biochimica et Biophysica Acta (BBA)-General Subjects,1810,10,967-977,2011,Elsevier
"Larsen, Peter E; Collart, Frank R; Field, Dawn; Meyer, Folker; Keegan, Kevin P; Henry, Christopher S; McGrath, John; Quinn, John; Gilbert, Jack A; ",Predicted Relative Metabolomic Turnover (PRMT): determining metabolic turnover from a coastal marine metagenomic dataset,Microbial informatics and experimentation,1,1,1-11,2011,BioMed Central
"Freilich, Shiri; Zarecki, Raphy; Eilam, Omer; Segal, Ella Shtifman; Henry, Christopher S; Kupiec, Martin; Gophna, Uri; Sharan, Roded; Ruppin, Eytan; ",Competitive and cooperative metabolic interactions in bacterial communities,Nature communications,2,1,1-7,2011,Nature Publishing Group
"Krumholz, Elias W; Yang, Hong; Weisenhorn, Pamela; Henry, Christopher S; Libourel, Igor GL; ",Genome-wide metabolic network reconstruction of the picoalga Ostreococcus,Journal of experimental botany,63,6,2353-2362,2012,Oxford University Press
"Seaver, Samuel MD; Henry, Christopher S; Hanson, Andrew D; ",Frontiers in metabolic reconstruction and modeling of plant genomes,Journal of experimental botany,63,6,2247-2258,2012,Oxford University Press
"Gerdes, Svetlana; Lerma-Ortiz, Claudia; Frelin, Océane; Seaver, Samuel MD; Henry, Christopher S; de Crécy-Lagard, Valérie; Hanson, Andrew D; ",Plant B vitamin pathways and their compartmentation: a guide for the perplexed,Journal of experimental botany,63,15,5379-5395,2012,Oxford University Press UK
"Aziz, Ramy K; Devoid, Scott; Disz, Terrence; Edwards, Robert A; Henry, Christopher S; Olsen, Gary J; Olson, Robert; Overbeek, Ross; Parrello, Bruce; Pusch, Gordon D; ","SEED servers: high-performance access to the SEED genomes, annotations, and metabolic models",PloS one,7,10,e48053,2012,Public Library of Science
"Tanaka, Kosei; Henry, Christopher S; Zinner, Jenifer F; Jolivet, Edmond; Cohoon, Matthew P; Xia, Fangfang; Bidnenko, Vladimir; Ehrlich, S Dusko; Stevens, Rick L; Noirot, Philippe; ",Building the repertoire of dispensable chromosome regions in Bacillus subtilis entails major refinement of cognate large-scale metabolic model,Nucleic acids research,41,1,687-699,2013,Oxford University Press
"Devoid, Scott; Overbeek, Ross; DeJongh, Matthew; Vonstein, Veronika; Best, Aaron A; Henry, Christopher; ",Automated genome annotation and metabolic model reconstruction in the SEED and Model SEED,Systems Metabolic Engineering,,,17-45,2013,"Humana Press, Totowa, NJ"
"Faria, José P; Overbeek, Ross; Xia, Fangfang; Rocha, Miguel; Rocha, Isabel; Henry, Christopher S; ",Genome-scale bacterial transcriptional regulatory networks: reconstruction and integrated analysis with metabolic models,Briefings in bioinformatics,15,4,592-611,2014,Oxford University Press
"Fagen, Jennie R; Leonard, Michael T; McCullough, Connor M; Edirisinghe, Janaka N; Henry, Christopher S; Davis, Michael J; Triplett, Eric W; ",Comparative genomics of cultured and uncultured strains suggests genes essential for free-living growth of Liberibacter,PLoS One,9,1,e84469,2014,Public Library of Science
"Faria, José P; Edirisinghe, Janaka N; Davis, James J; Disz, Terrence; Hausmann, Anna; Henry, Christopher S; Olson, Robert; Overbeek, Ross A; Pusch, Gordon D; Shukla, Maulik; ",Enabling comparative modeling of closely related genomes: example genus Brucella,3 Biotech,5,1,101-105,2015,Springer Berlin Heidelberg
"Zarecki, Raphy; Oberhardt, Matthew A; Yizhak, Keren; Wagner, Allon; Shtifman Segal, Ella; Freilich, Shiri; Henry, Christopher S; Gophna, Uri; Ruppin, Eytan; ",Maximal sum of metabolic exchange fluxes outperforms biomass yield as a predictor of growth rate of microorganisms,PloS one,9,5,e98372,2014,"Public Library of Science San Francisco, USA"
"Seaver, Samuel MD; Gerdes, Svetlana; Frelin, Océane; Lerma-Ortiz, Claudia; Bradbury, Louis MT; Zallot, Rémi; Hasnain, Ghulam; Niehaus, Thomas D; El Yacoubi, Basma; Pasternak, Shiran; ","High-throughput comparison, functional annotation, and metabolic modeling of plant genomes using the PlantSEED resource",Proceedings of the National Academy of Sciences,111,26,9645-9650,2014,National Academy of Sciences
"Colasanti, Ric; Edirisinghe, Janaka N; Khazaei, Tahmineh; Faria, José P; Seaver, Sam; Xia, Fangfang; Henry, Christopher; ",Tapping the Wealth of Microbial Data in High-Throughput Metabolic Model Reconstruction,Metabolic Flux Analysis,,,19-45,2014,"Humana Press, New York, NY"
"Benedict, Matthew N; Mundy, Michael B; Henry, Christopher S; Chia, Nicholas; Price, Nathan D; ",Likelihood-based gene annotations for gap filling and quality assessment in genome-scale metabolic models,PLoS computational biology,10,10,e1003882,2014,"Public Library of Science San Francisco, USA"
"Plata, Germán; Henry, Christopher S; Vitkup, Dennis; ",Long-term phenotypic evolution of bacteria,Nature,517,7534,369-372,2015,Nature Publishing Group
"Broadbelt, Linda J; Henry, Christopher S; Hatzimanikatis, Vassily; ",Discovery of novel routes for the production of fuels and chemicals,Design for Energy and the Environment,,,167-174,2009,CRC Press
"Seaver, Samuel; Bradbury, Louis MT; Frelin, Océane; Zarecki, Raphy; Ruppin, Eytan; Hanson, Andrew D; Henry, Christopher S; ","Improved evidence-based genome-scale metabolic models for maize leaf, embryo, and endosperm",Frontiers in plant science,6,,142,2015,Frontiers
"Jeffryes, James G; Colastani, Ricardo L; Elbadawi-Sidhu, Mona; Kind, Tobias; Niehaus, Thomas D; Broadbelt, Linda J; Hanson, Andrew D; Fiehn, Oliver; Tyo, Keith EJ; Henry, Christopher S; ",MINEs: open access databases of computationally predicted enzyme promiscuity products for untargeted metabolomics,Journal of cheminformatics,7,1,1-8,2015,BioMed Central
"Frelin, Océane; Huang, Lili; Hasnain, Ghulam; Jeffryes, James G; Ziemak, Michael J; Rocca, James R; Wang, Bing; Rice, Jennifer; Roje, Sanja; Yurgel, Svetlana N; ",A directed-overflow and damage-control N-glycosidase in riboflavin biosynthesis,Biochemical Journal,466,1,137-145,2015,Portland Press Ltd.
"Hanson, Andrew D; Henry, Christopher S; Fiehn, Oliver; de Crécy-Lagard, Valérie; ",Metabolite damage and metabolite damage control in plants,Annual review of plant biology,67,,131-152,2016,Annual Reviews
"Oberhardt, Matthew A; Zarecki, Raphy; Reshef, Leah; Xia, Fangfang; Duran-Frigola, Miquel; Schreiber, Rachel; Henry, Christopher S; Ben-Tal, Nir; Dwyer, Daniel J; Gophna, Uri; ",Systems-wide prediction of enzyme promiscuity reveals a new underground alternative route for pyridoxal 5’-phosphate production in e. coli,PLoS computational biology,12,1,e1004705,2016,"Public Library of Science San Francisco, CA USA"
"Verduzco-Castro, Ernesto A; Michalska, Karolina; Endres, Michael; Juárez-Vazquez, Ana L; Noda-García, Lianet; Chang, Changsoo; Henry, Christopher S; Babnigg, Gyorgy; Joachimiak, Andrzej; Barona-Gómez, Francisco; ",Co-occurrence of analogous enzymes determines evolution of a novel (βα) 8-isomerase sub-family after non-conserved mutations in flexible loop,Biochemical Journal,473,9,1141-1152,2016,Portland Press Ltd.
"Faria, José P; Overbeek, Ross; Taylor, Ronald C; Conrad, Neal; Vonstein, Veronika; Goelzer, Anne; Fromion, Vincent; Rocha, Miguel; Rocha, Isabel; Henry, Christopher S; ",Reconstruction of the regulatory network for Bacillus subtilis and reconciliation with gene expression data,Frontiers in microbiology,7,,275,2016,Frontiers
"Thiaville, Jennifer J; Frelin, Océane; García-Salinas, Carolina; Harrison, Katherine; Hasnain, Ghulam; Horenstein, Nicole A; Díaz de la Garza, Rocio I; Henry, Christopher S; Hanson, Andrew D; de Crécy-Lagard, Valérie; ",Experimental and metabolic modeling evidence for a folate-cleaving side-activity of ketopantoate hydroxymethyltransferase (PanB),Frontiers in microbiology,7,,431,2016,Frontiers
"Henry, Christopher S; Bernstein, Hans C; Weisenhorn, Pamela; Taylor, Ronald C; Lee, Joon‐Yong; Zucker, Jeremy; Song, Hyun‐Seob; ",Microbial community metabolic modeling: a community data‐driven network reconstruction,Journal of cellular physiology,231,11,2339-2345,2016,
"Ozer, Egon A; Morris, Andrew R; Krapp, Fiorella; Henry, Christopher S; Tyo, Keith E; Lathem, Wyndham W; Hauser, Alan R; ",Draft genome sequence of a multidrug-resistant Klebsiella quasipneumoniae subsp. similipneumoniae isolate from a clinical source,Genome announcements,4,3,e00422-16,2016,"American Society for Microbiology 1752 N St., NW, Washington, DC"
"Lerma-Ortiz, Claudia; Jeffryes, James G; Cooper, Arthur JL; Niehaus, Thomas D; Thamm, Antje MK; Frelin, Océane; Aunins, Thomas; Fiehn, Oliver; de Crécy-Lagard, Valérie; Henry, Christopher S; ",‘Nothing of chemistry disappears in biology’: the Top 30 damage-prone endogenous metabolites,Biochemical Society Transactions,44,3,961-971,2016,Portland Press Ltd.
"Faria, José P; Khazaei, Tahmineh; Edirisinghe, Janaka N; Weisenhorn, Pamela; Seaver, Samuel MD; Conrad, Neal; Harris, Nomi; DeJongh, Matthew; Henry, Christopher S; ",Constructing and analyzing metabolic flux models of microbial communities,Hydrocarbon and Lipid Microbiology Protocols,,,247-273,2016,"Springer, Berlin, Heidelberg"
"Henry, Christopher S; Lerma-Ortiz, Claudia; Gerdes, Svetlana Y; Mullen, Jeffrey D; Colasanti, Ric; Zhukov, Aleksey; Frelin, Océane; Thiaville, Jennifer J; Zallot, Rémi; Niehaus, Thomas D; ",Systematic identification and analysis of frequent gene fusion events in metabolic pathways,BMC genomics,17,1,1-17,2016,BioMed Central
"Marshall, Christopher W; Ross, Daniel E; Handley, Kim M; Weisenhorn, Pamela B; Edirisinghe, Janaka N; Henry, Christopher S; Gilbert, Jack A; May, Harold D; Norman, R Sean; ",Metabolic reconstruction and modeling microbial electrosynthesis,Scientific reports,7,1,1-12,2017,Nature Publishing Group
"Edirisinghe, Janaka N; Weisenhorn, Pamela; Conrad, Neal; Xia, Fangfang; Overbeek, Ross; Stevens, Rick L; Henry, Christopher S; ",Modeling central metabolism and energy biosynthesis across microbial life,Bmc Genomics,17,1,1-11,2016,BioMed Central
"Faria, José P; Davis, James J; Edirisinghe, Janaka N; Taylor, Ronald C; Weisenhorn, Pamela; Olson, Robert D; Stevens, Rick L; Rocha, Miguel; Rocha, Isabel; Best, Aaron A; ",Computing and applying atomic regulons to understand gene expression and regulation,Frontiers in microbiology,7,,1819,2016,Frontiers
"Wattam, Alice R; Davis, James J; Assaf, Rida; Boisvert, Sébastien; Brettin, Thomas; Bun, Christopher; Conrad, Neal; Dietrich, Emily M; Disz, Terry; Gabbard, Joseph L; ","Improvements to PATRIC, the all-bacterial bioinformatics database and analysis resource center",Nucleic acids research,45,D1,D535-D542,2017,Oxford University Press
"van der Lelie, Daniel; Taghavi, Safiyh; Henry, Christopher; Gilbert, Jack A; ",The microbiome as a source of new enterprises and job creation: considering clinical faecal and synthetic microbiome transplants and therapeutic regulation,Microbial biotechnology,10,1,4,2017,Wiley-Blackwell
"Wu, R; Wilton, R; Cuff, ME; Endres, M; Babnigg, G; Edirisinghe, JN; Henry, CS; Joachimiak, A; Schiffer, M; Pokkuluri, PR; ",A novel signal transduction protein: Combination of solute binding and tandem PAS‐like sensor domains in one polypeptide chain,Protein Science,26,4,857-869,2017,
"Henry, Christopher S; Rotman, Ella; Lathem, Wyndham W; Tyo, Keith EJ; Hauser, Alan R; Mandel, Mark J; ",Generation and validation of the iKp1289 metabolic model for Klebsiella pneumoniae KPPR1,The Journal of infectious diseases,215,suppl_1,S37-S43,2017,Oxford University Press
"Juárez-Vázquez, Ana Lilia; Edirisinghe, Janaka N; Verduzco-Castro, Ernesto A; Michalska, Karolina; Wu, Chenggang; Noda-García, Lianet; Babnigg, Gyorgy; Endres, Michael; Medina-Ruíz, Sofía; Santoyo-Flores, Julián; ",Evolution of substrate specificity in a retained enzyme driven by gene loss,Elife,6,,e22679,2017,eLife Sciences Publications Limited
"Gillum, MP; Potthoff, MJ; Richardson, AP; Halestrap, AP; Verduzco-Castro, EA; Michalska, K; Endres, M; Juárez-Vazquez, AL; Noda-Garcıa, L; Chang, C; ",Commentary Article,BIOCHEMICAL JOURNAL,473,part 9,,2016,
"Sun, Jiayi; Jeffryes, James G; Henry, Christopher S; Bruner, Steven D; Hanson, Andrew D; ",Metabolite damage and repair in metabolic engineering design,Metabolic engineering,44,,150-159,2017,Academic Press
"Kutt, Laura; DeJongh, Matthew; Henry, Christopher S; Thiele, Ines; Fleming, Ronan MT; ",Automatic generation of genome-scale metabolism and expression models for bacteria,,,,,,
"Edirisinghe, Janaka N; Faria, José P; Harris, Nomi L; Allen, Benjamin H; Henry, Christopher S; ",Reconstruction and analysis of central metabolism in microbes,Metabolic Network Reconstruction and Modeling,,,111-129,2018,"Humana Press, New York, NY"
"Song, Hyun-Seob; Nelson, William C; Lee, Joon-Yong; Taylor, Ronald C; Henry, Christopher S; Beliaev, Alexander S; Ramkrishna, Doraiswami; Bernstein, Hans C; ",Metabolic network modeling for computer-aided design of microbial interactions,Emerg. Areas Bioeng,2,,793-801,2018,
"Aufdenkampe, Anthony Keith; Mayorga, Emilio; Horsburgh, Jeffery S; Lehnert, KA; Zaslavsky, Ilya; Valentine Jr, DW; Richard, Stephen M; Cheetham, Robert; Meyer, Folker; Henry, Christopher; ",The community-driven BiG CZ software system for integration and analysis of bio-and geoscience data in the critical zone,AGU Fall Meeting Abstracts,2014,,IN41A-3649,2014,
"Huang, Lili; Pyc, Michal; Alseekh, Saleh; McCarty, Donald R; de Crécy-Lagard, Valérie; Gregory III, Jesse F; Henry, Christopher S; Fernie, Alisdair R; Mullen, Robert T; Hanson, Andrew D; ",A plastidial pantoate transporter with a potential role in pantothenate synthesis,Biochemical Journal,475,4,813-825,2018,Portland Press Ltd.
"Zamboni, A; Shah, N; Bezzo, F; ",Bioethanol production system in Northern Italy: Supply chain design and cost optimisation,Design for Energy and the Environment,,,151-166,2009,CRC Press
"Jeffryes, James G; Seaver, Samuel MD; Faria, José P; Henry, Christopher S; ",A pathway for every product? Tools to discover and design plant metabolism,Plant Science,273,,61-70,2018,Elsevier
"Jeffryes, James; Lerma-Ortiz, Claudia; Cooper, Arthur; Niehaus, Thomas; Thamm, Antje; Frelin, Oceane; Kind, Tobias; Broadbelt, Linda; Fiehn, Oliver; Hanson, Andrew; ",Detection of novel metabolites and enzyme functions through in silico expansion of metabolic models,ABSTRACTS OF PAPERS OF THE AMERICAN CHEMICAL SOCIETY,251,,,2016,"AMER CHEMICAL SOC 1155 16TH ST, NW, WASHINGTON, DC 20036 USA"
"Seaver, Samuel MD; Lerma‐Ortiz, Claudia; Conrad, Neal; Mikaili, Arman; Sreedasyam, Avinash; Hanson, Andrew D; Henry, Christopher S; ",PlantSEED enables automated annotation and reconstruction of plant primary metabolism with improved compartmentalization and comparative consistency,The Plant Journal,95,6,1102-1113,2018,
"Lieven, Christian; Beber, Moritz E; Olivier, Brett G; Bergmann, Frank T; Babaei, Parizad; Bartell, Jennifer A; Blank, Lars M; Chauhan, Siddharth; Correia, Kevin; Diener, Christian; ",Memote: A community driven effort towards a standardized genome-scale metabolic model test suite,BioRxiv,,,350991,2018,Cold Spring Harbor Laboratory
"Henry, Christopher; Zinner, Jenifer; Cohoon, Matthew; Jolivet, Edmond; Tanaka, Kosei; Autret, Sabine; Noirot, Philippe; Stevens, Rick; ",Reconstruction of a New Genome-Scale Model of B. Subtilis,The 2008 Annual Meeting,,,,2008,
"Arkin, Adam P; Cottingham, Robert W; Henry, Christopher S; Harris, Nomi L; Stevens, Rick L; Maslov, Sergei; Dehal, Paramvir; Ware, Doreen; Perez, Fernando; Canon, Shane; ",KBase: the United States department of energy systems biology knowledgebase,Nature biotechnology,36,7,566-569,2018,nature publishing group
"Faria, José P; Rocha, Miguel; Rocha, Isabel; Henry, Christopher S; ",Methods for automated genome-scale metabolic model reconstruction,Biochemical Society Transactions,46,4,931-936,2018,Portland Press Ltd.
"Li, Kevin; Chen, Rachel; Lindsey, William; Best, Aaron; DeJongh, Matthew; Henry, Christopher; Tintle, Nathan; ",Implementing and evaluating a Gaussian mixture framework for identifying gene function from TnSeq data,BIOCOMPUTING 2019: Proceedings of the Pacific Symposium,,,172-183,2018,
"West, Richard Henry; ",Modelling the chloride process for titanium dioxide synthesis,,,,,2009,University of Cambridge
"Verduzco-Castro, EA; Michalska, K; Endres, M; Juarez-Vazquez, AL; Noda-Garcia, L; Chang, C; Henry, CS; Babnigg, G; Joachimiak, A; Barona-Gomez, F; ",Co-occurrence of analogous enzymes determines evolution of a novel () 8-isomerase sub-family after non-conserved mutations in flexible loop,Biochemical Journal,473,9,,2016,"Argonne National Lab.(ANL), Argonne, IL (United States)"
"Henry, C; ","SEED servers: high-performance access to the SEED genomes, annotations, and metabolic models",PloS 1,7,ANL/MCS/JA-75534,,2012,"Argonne National Lab.(ANL), Argonne, IL (United States)"
"Sedova, Ada; Jeffryes, James G; Petridis, Loukas; Davison, Brian H; Henry, Christopher S; Mitchell, Julie; ",Genome to Structure: From Multiple Sequence Alignment to Virtual Ligand Screening Using Co-Evolutionary Protein-Residue Contact-Prediction in KBase,,,,,,
"Lax, Simon; Cardona, Cesar; Zhao, Dan; Winton, Valerie J; Goodney, Gabriel; Gao, Peng; Gottel, Neil; Hartmann, Erica M; Henry, Chris; Thomas, Paul M; ",Microbial and metabolic succession on common building materials under high humidity conditions,Nature communications,10,1,1-12,2019,Nature Publishing Group
"Jeffryes, James; Strutz, Jonathan; Henry, Chris; Tyo, Keith EJ; ",Metabolic In Silico Network Expansions to Predict and Exploit Enzyme Promiscuity.,"Methods in molecular biology (Clifton, NJ)",1927,,11-21,2019,
"Cuevas, Daniel A; Edirisinghe, Janaka; Henry, Chris S; Overbeek, Ross; O’Connell, Taylor G; Edwards, Robert A; ",From DNA to FBA: how to build your own genome-scale metabolic model,Frontiers in microbiology,7,,907,2016,Frontiers
"Cuevas, Daniel A; Garza, Daniel; Sanchez, Savannah E; Rostron, Jason; Henry, Chris; Segall, Anca; Rohwer, Forest; Edwards, Robert A; ",High-throughput phenotype profiling for bacterial flux-balance model optimization,Proteins,811,,19,,
"Gilbert, Jack A; Henry, Chris; ",Predicting ecosystem emergent properties at multiple scales,Environmental microbiology reports,7,1,20-22,2015,
"Cardona, Cesar; Lax, Simon; Larsen, Peter; Stephens, Brent; Hampton-Marcell, Jarrad; Edwardson, Christian F; Henry, Chris; Van Bonn, Bill; Gilbert, Jack A; ",Environmental sources of bacteria differentially influence host-associated microbial dynamics,MSystems,3,3,e00052-18,2018,"American Society for Microbiology 1752 N St., NW, Washington, DC"
"Cardona, Cesar; Weisenhorn, Pamela; Henry, Chris; Gilbert, Jack A; ",Network-based metabolic analysis and microbial community modeling,Current opinion in microbiology,31,,124-131,2016,Elsevier Current Trends
"Cuevas, Daniel A; Garza, Daniel; Sanchez, Savannah E; Rostron, Jason; Henry, Chris S; Vonstein, Veronika; Overbeek, Ross A; Segall, Anca; Rohwer, Forest; Dinsdale, Elizabeth A; ",Elucidating genomic gaps using phenotypic profiles,F1000Research,3,210,210,2016,F1000 Research Limited
"Gupta, Nidhi; Skinner, Kelly A; Khan, Samiya; Edirisinghe, Janaka N; Henry, Christopher S; ","Draft genome sequence of Enterobacter sp. strain A8, a carbazole-degrading bacterium",Microbiology resource announcements,8,18,e00301-19,2019,"American Society for Microbiology 1752 N St., NW, Washington, DC"
"Gupta, Nidhi; Skinner, Kelly A; Summers, Zarath M; Edirisinghe, Janaka N; Faria, José P; Marshall, Christopher W; Sharma, Anukriti; Gottel, Neil R; Gilbert, Jack A; Henry, Christopher S; ","Draft genome sequence of Rhodococcus sp. strain ATCC 49988, a quinoline-degrading bacterium",Microbiology resource announcements,8,25,e00403-19,2019,"American Society for Microbiology 1752 N St., NW, Washington, DC"
"Weisenhorn, Pamela; Faria, José P; Henry, Christopher; ",Comparative'Omics and Modeling Microbial Community Interactions Using the DOE Systems Biology Knowledgebase (KBase),2017 ESA Annual Meeting (August 6--11),,,,2017,ESA
"Qiu, Zirou; Shaydulin, Ruslan; Liu, Xiaoyuan; Alexeev, Yuri; Henry, Christopher S; Safro, Ilya; ",Network Alignment by Propagating Reliable Similarities,CoRR,,,,2019,
"Arkin, Adam P; Cottingham, Bob; Henry, Chris; ",New pipeline for multi-omics data integration and discovery in KBase to identify the mechanism driving metabolic/OTU dynamics in a microbiome,,,,,,
"Seaver, Samuel MD; Lerma-Ortiz, Claudia; Conrad, Neal; Sreedasyam, Avinash; Carrell, Alyssa; Timm, Collin; Weston, Dave; Hanson, Andrew; Henry, Christopher; ",PlantSEED in KBase,"Plant and Animal Genome XXVII Conference (January 12-16, 2019)",,,,,PAG
"Kumar, Vivek; Kumari, Sunita; Thomason, Jim; Ware, Doreen; Ranjan, Priya; McCorkle, Sean; Seaver, Samuel MD; Harris, Nomi; Cottingham, Robert W; Henry, Christopher; ",Integrated Transcriptomics and Metabolic Pathway Analysis in Plants using Open-Science Cyberinfrastructure of KBase,"Plant and Animal Genome XXVI Conference (January 13-17, 2018)",,,,,PAG
"Kumar, Vivek; Kumari, Sunita; Ware, Doreen; Ranjan, Priya; Cottingham, Robert W; Henry, Christopher; Arkin, Adam; ","Predictive Modeling Using Multi-Omics Datasets in Open-Science, Community Platform of Kbase.","Plant and Animal Genome XXVII Conference (January 12-16, 2019)",,,,,PAG
"Kumari, Sunita; Kumar, Vivek; Seaver, Samuel MD; Ware, Doreen; Henry, Christopher; Cottingham, Robert W; Arkin, Adam; ",Integrating of Transcriptomic and Metabolic Model Analyses using KBase,"Plant and Animal Genome XXVII Conference (January 12-16, 2019)",,,,,PAG
"Henry, Christopher S; Weisenhorn, Pamela; Faria, José P; Edirisinghe, Janaka N; Taylor, Ronald C; Song, Hyun-Seob; Bernstein, Hans C; Zucker, Jeremy; Lindemann, Stephen R; Arkin, Adam P; ",Development and Application of Integrated Pipeline for the Modeling and Analysis of Microbial Communities in the Doe Systems Biology Knowledgebase,2017 AIChE Annual Meeting,,,,2017,AIChE
"Khazaei, Tahmineh; Williams, Rory L; Bogatyrev, Said R; Doyle, John C; Henry, Christopher S; Ismagilov, Rustem F; ",Metabolic multistability and hysteresis in a model aerobe-anaerobe microbiome community,Science advances,6,33,eaba0353,2020,American Association for the Advancement of Science
"Lieven, Christian; Beber, Moritz E; Olivier, Brett G; Bergmann, Frank T; Ataman, Meric; Babaei, Parizad; Bartell, Jennifer A; Blank, Lars M; Chauhan, Siddharth; Correia, Kevin; ",MEMOTE for standardized genome-scale metabolic model testing,Nature biotechnology,38,3,272-276,2020,Nature Publishing Group
"Tivendale, Nathan D; Hanson, Andrew D; Henry, Christopher S; Hegeman, Adrian D; Millar, A Harvey; ",Enzymes as parts in need of replacement–and how to extend their working life,Trends in Plant Science,25,7,661-669,2020,Elsevier Current Trends
"Seaver, Samuel MD; Liu, Filipe; Zhang, Qizhi; Jeffryes, James; Faria, José P; Edirisinghe, Janaka N; Mundy, Michael; Chia, Nicholas; Noor, Elad; Beber, Moritz E; ","The ModelSEED Database for the integration of metabolic annotations and the reconstruction, comparison, and analysis of metabolic models for plants, fungi, and microbes",bioRxiv,,,,2020,Cold Spring Harbor Laboratory
"Henry, Christopher; DeJongh, Matt; Best, Aaron; Frybarger, Paul; Stevens, Rick; ",High-throughput construction and optimization of 140 new genome-scale metabolic models,Journees Ouvertes en Biologie Informatique Mathematiques,,,207,,
"Gupta, Nidhi; Skinner, Kelly A; Summers, Zarath M; Edirisinghe, Janaka N; Faria, José P; Marshall, Christopher W; Sharma, Anukriti; Gottel, Neil R; Gilbert, Jack A; Henry, Christopher S; ","Draft Genome Sequence of 2-Methylpyridine-, 2-Ethylpyridine-, and 2-Hydroxypyridine-Degrading Arthrobacter sp. Strain ATCC 49987",Microbiology resource announcements,9,34,e00748-20,2020,"American Society for Microbiology 1752 N St., NW, Washington, DC"
"UK National Ecosystem Assessment; ",The UK National Ecosystem Assessment,,,,,2011,UNEP-WCMC Cambridge (UK)
"Zhao, Dan; Cardona, Cesar; Gottel, Neil; Winton, Valerie J; Thomas, Paul M; Raba, Daniel A; Kelley, Scott T; Henry, Christopher; Gilbert, Jack A; Stephens, Brent; ",Chemical composition of material extractives influences microbial growth and dynamics on wetted wood materials,Scientific reports,10,1,1-16,2020,Nature Publishing Group
"Gupta, Nidhi; Skinner, Kelly A; Summers, Zarath M; Edirisinghe, Janaka N; Weisenhorn, Pamela B; Faria, José P; Marshall, Christopher W; Sharma, Anukriti; Gottel, Neil R; Gilbert, Jack A; ","Draft Genome Sequence of Pseudarthrobacter sp. Strain ATCC 49442 (Formerly Micrococcus luteus), a Pyridine-Degrading Bacterium",Microbiology resource announcements,9,38,e00299-20,2020,"American Society for Microbiology 1752 N St., NW, Washington, DC"
"Heinken, Almut; Acharya, Geeta; Ravcheev, Dmitry A; Hertel, Johannes; Nyga, Malgorzata; Okpala, Onyedika Emmanuel; Hogan, Marcus; Magnúsdóttir, Stefanía; Martinelli, Filippo; Preciat, German; ",AGORA2: large scale reconstruction of the microbiome highlights wide-spread drug-metabolising capacities,BioRxiv,,,,2020,Cold Spring Harbor Laboratory
"Nayfach, Stephen; Roux, Simon; Seshadri, Rekha; Udwary, Daniel; Varghese, Neha; Schulz, Frederik; Wu, Dongying; Paez-Espino, David; Chen, I-Min; Huntemann, Marcel; ",A genomic catalog of Earth’s microbiomes,Nature biotechnology,39,4,499-509,2021,Nature Publishing Group
"Chivian, Dylan C; Arkin, Adam; Henry, Christopher; WC, Elisha; Eloe-Fadrosh, Emiley; Edirisinghe, Janaka; Faria, José Pedro Lopes; Jungbluth, Sean; Nayfach, Stephen; ",JGI MAGs 2019-* Introduction and Read-me,,,,,,
"Seaver, Samuel MD; Liu, Filipe; Zhang, Qizhi; Jeffryes, James; Faria, José P; Edirisinghe, Janaka N; Mundy, Michael; Chia, Nicholas; Noor, Elad; Beber, Moritz E; ","The ModelSEED Biochemistry Database for the integration of metabolic annotations and the reconstruction, comparison and analysis of metabolic models for plants, fungi and microbes",Nucleic acids research,49,D1,D575-D588,2021,Oxford University Press
"Qiu, Zirou; Shaydulin, Ruslan; Liu, Xiaoyuan; Alexeev, Yuri; Henry, Christopher S; ",TigerPrint s,,,,,,
"Rubinstein, Rebecca L; Borton, Mikayla A; Zhou, Haiyan; Shaffer, Michael; Hoyt, David W; Stegen, James; Henry, Christopher S; Wrighton, Kelly C; Versteeg, Roelof; ",ORT: A workflow linking genome-scale metabolic models with reactive transport codes,bioRxiv,,,,2021,Cold Spring Harbor Laboratory
"Hanson, Andrew D; McCarty, Donald R; Henry, Christopher S; Xian, Xiaochen; Joshi, Jaya; Patterson, Jenelle A; García-García, Jorge D; Fleischmann, Scott D; Tivendale, Nathan D; Millar, A Harvey; ",The number of catalytic cycles in an enzyme’s lifetime and why it matters to metabolic engineering,Proceedings of the National Academy of Sciences,118,13,,2021,National Academy of Sciences
"Joshi, Rajendra P; McNaughton, Andrew; Thomas, Dennis G; Henry, Christopher S; Canon, Shane R; McCue, Lee Ann; Kumar, Neeraj; ",Quantum Mechanical Methods Predict Accurate Thermodynamics of Biochemical Reactions,ACS omega,6,14,9948-9959,2021,American Chemical Society
"Nayfach, Stephen; Roux, Simon; Seshadri, Rekha; Udwary, Daniel; Varghese, Neha; Schulz, Frederik; Wu, Dongying; Paez-Espino, David; Chen, I-Min; Huntemann, Marcel; ",Author Correction: A genomic catalog of Earth’s microbiomes,Nature biotechnology,39,4,521-521,2021,Nature Publishing Group
"Lagoa, Davide; Faria, José Lopes; Liu, Filipe; Cunha, Emanuel; Henry, Christopher; Dias, Oscar; ","TranSyT, the Transport Systems Tracker",bioRxiv,,,,2021,Cold Spring Harbor Laboratory
"Larsen, Peter E; Collart, Frank R; Field, Dawn; Meyer, Folker; Keegan, Kevin P; Henry, Christopher S; McGrath, John; Quinn, John; Gilbert, Jack A; ",Relative metabolomic flux: Predicting changes in the environmental metabolome from the metagenome,Microbial Informatics and Experimentation,1,4,1-11,2011,BioMed Central Ltd.
"Kumari, Sunita; Kumar, Vivek; Ware, Doreen; Seaver, Samuel MD; Henry, Christopher; Cottingham, Robert W; Arkin, Adam; ",Multi-Omics Approach to Pathway Analysis in Plant Genomes using Transcriptomics and Genome-Scale Metabolic Modeling in KBase.,"Plant and Animal Genome XXVIII Conference (January 11-15, 2020)",,,,,PAG
"van der Lelie, Daniel; Oka, Akihiko; Taghavi, Safiyh; Umeno, Junji; Fan, Ting-Jia; Merrell, Katherine E; Watson, Sarah D; Ouellette, Lisa; Liu, Bo; Awoniyi, Muyiwa; ",Rationally designed bacterial consortia to treat chronic immune-mediated colitis and restore intestinal homeostasis,Nature communications,12,1,1-17,2021,Nature Publishing Group
"Song, HS; Henry, C; Lee, JY; Nelson, WC; Edirisinghe, J; Zheng, J; Moulton, JD; Chen, X; Graham, EB; Stegen, J; ",Machine Learning-based Metabolic Network Modeling for Omics-integrated Biogeochemical and Reactive Transport Simulations,AGU Fall Meeting Abstracts,2020,,B078-0009,2020,
"Nayfach, S; Roux, S; Seshadri, R; Udwary, D; Varghese, N; Schulz, F; Wu, D; Paez-Espino, D; Chen, IM; Huntemann, M; ","Publisher Correction: A genomic catalog of Earth’s microbiomes (Nature Biotechnology,(2020), 10.1038/s41587-020-0718-6)",Nature biotechnology,,,,2020,
"Kessell, A; Song, F; Edirisinghe, J; Henry, C; Song, HS; ",Metabolic Network Modeling and Metabolomics Integration for Comparative Analysis of Biogeochemical Reactions in Multiple River Systems,AGU Fall Meeting Abstracts,2020,,B058-09,2020,
"Shaffer, Michael; Borton, Mikayla; Jungbluth, Sean; Edirisinghe, Janaka; McGivern, Bridget B; Narrowe, Adrienne B; Chivian, Dylan; Daly, Rebecca; Hess, Nancy J; Scheibe, Timothy D; ",Distributed Metagenomic Sampling of River Corridors Identifies Shared Microbial Functional Traits Underpinning Transferable Hydrobiogeochemical Processes,AGU Fall Meeting Abstracts,2020,,B058-08,2020,
"Kumar, Vivek; Kumari, Sunita; Ware, Doreen; Henry, Christopher; Cottingham, Robert W; Canon, Shane; Dehal, Paramvir; Kamimura, Roy; Wood-Charlson, Elisha; Arkin, Adam; ","Collaborating on Data, Science, and Infrastructure to Advance Computational Systems Biology Research in KBase","Plant and Animal Genome XXVIII Conference (January 11-15, 2020)",,,,,PAG
"Qiu, Zirou; Shaydulin, Ruslan; Liu, Xiaoyuan; Alexeev, Yuri; Henry, Christopher S; Safro, Ilya; ",ELRUNA: Elimination Rule-based Network Alignment,Journal of Experimental Algorithmics (JEA),26,,1-32,2021,"ACM New York, NY, USA"
"Lelie, Daniel; Oka, Akihiko; Taghavi, Safiyh; Umeno, Junji; Fan, Ting-Jia; Merrell, Katherine E; Watson, Sarah D; Ouellette, Lisa; Liu, Bo; Awoniyi, Muyiwa; ",Rationally designed bacterial consortia to treat chronic immune-mediated colitis and restore intestinal homeostasis,Nature Communications,12,1,1-17,2021,Nature
