,GeneID,Function,OrganismID,KBase_genomeID
70,OEU55939.1,TmcB,Desulfobacula_toluolica_Tol2,MAXM01.1.gbff_genome
94,OEU57700.1,TmcC,Desulfobacca_acetoxidans_ASRB2_DSM_11109,MANV01.1.gbff_genome
95,OEU55938.1,TmcC,Desulfocapsa_sulfexigens_DSM_10523,MAXM01.1.gbff_genome
114,OEU57699.1,TmcD,Desulforegula_conservatrix_Mb1Pa_DSM_13527,MANV01.1.gbff_genome
115,OEU55937.1,TmcD,Desulfococcus_oleovorans_Hxd3,MAXM01.1.gbff_genome
174,OEU57700.1,TmcA,Seep-SRB1g_sp001751015_a,MANV01.1.gbff_genome
175,OEU55938.1,TmcA,Seep-SRB1g_sp001751015_b,MAXM01.1.gbff_genome
176,MBC2694439.1,TmcA,Seep-SRB1a_sp014237365,JAAXOL01.1.gbff_genome
177,MBC2718749.1,TmcA,Seep-SRB1a_sp014237365a,JABZFQ01.1.gbff_genome
178,MBT9438295.1,TmcA,Seep-SRB1a_sp._S7142MS3,JAABVG01.1.gbff_genome
198,OEU59080.1,TmcA_DSC,Seep-SRB1g_sp001751015_a,MANV01.1.gbff_genome
199,MBC2696693.1,TmcA_DSC,Seep-SRB1a_sp014237365,JAAXOL01.1.gbff_genome
200,MBC2721007.1,TmcA_DSC,Seep-SRB1a_sp014237365a,JABZFQ01.1.gbff_genome
201,MBT9438709.1,TmcA_DSC,Seep-SRB1a_sp._S7142MS3,JAABVG01.1.gbff_genome
202,MBT9437608.1,TmcA_DSC,,JAABVG01.1.gbff_genome
219,OEU55939.1,TmcB,Seep-SRB1g_sp001751015_b,MAXM01.1.gbff_genome
220,MBC2694438.1,TmcB,Seep-SRB1a_sp014237365,JAAXOL01.1.gbff_genome
221,MBC2718748.1,TmcB,Seep-SRB1a_sp014237365a,JABZFQ01.1.gbff_genome
222,MBT9438708.1,TmcB,Seep-SRB1a_sp._S7142MS3,JAABVG01.1.gbff_genome
223,MBT9438296.1,TmcB,,JAABVG01.1.gbff_genome
248,OEU57700.1,TmcC,Seep-SRB1g_sp001751015_a,MANV01.1.gbff_genome
249,OEU55938.1,TmcC,Seep-SRB1g_sp001751015_b,MAXM01.1.gbff_genome
250,MBC2694439.1,TmcC,Seep-SRB1a_sp014237365,JAAXOL01.1.gbff_genome
251,MBC2718749.1,TmcC,Seep-SRB1a_sp014237365a,JABZFQ01.1.gbff_genome
252,MBT9438295.1,TmcC,Seep-SRB1a_sp._S7142MS3,JAABVG01.1.gbff_genome
277,OEU57700.1,TmcD,Seep-SRB1g_sp001751015_a,MANV01.1.gbff_genome
278,OEU55938.1,TmcD,Seep-SRB1g_sp001751015_b,MAXM01.1.gbff_genome
279,MBC2694439.1,TmcD,Seep-SRB1a_sp014237365,JAAXOL01.1.gbff_genome
280,MBC2718749.1,TmcD,Seep-SRB1a_sp014237365a,JABZFQ01.1.gbff_genome
281,MBT9438295.1,TmcD,Seep-SRB1a_sp._S7142MS3,JAABVG01.1.gbff_genome
388,OEU60987.1,etfA,Desulfatibacillum_alkenivorans_DSM_16219,MANV01.1.gbff_genome
389,OEU60987.1,etfA,Desulfobacterium_anilini_DSM_4660,MANV01.1.gbff_genome
390,OEU55707.1,etfA,Desulfobacca_acetoxidans_ASRB2_DSM_11109,MAXM01.1.gbff_genome
391,OEU55707.1,etfA,Desulfocapsa_sulfexigens_DSM_10523,MAXM01.1.gbff_genome
401,PXF59921.1,etfA,Desulfobacterales_sp._C00003060_(Seep_SRB1c),PQXE01.1.gbff_genome
402,PXF59921.1,etfA,Desulfobacterales_sp._S5133MH4_(Seep_SRB1c),PQXE01.1.gbff_genome
403,PXF56020.1,etfA,Desulfobacterales_sp._S7086C20_(Seep_SRB1c),PQXD01.1.gbff_genome
404,PXF56020.1,etfA,Seep-SRB1g_sp._C00003104,PQXD01.1.gbff_genome
451,OEU60986.1,etfB,Desulfatibacillum_alkenivorans_DSM_16219,MANV01.1.gbff_genome
452,OEU60986.1,etfB,Desulfobacterium_anilini_DSM_4660,MANV01.1.gbff_genome
453,OEU55706.1,etfB,Desulfobacca_acetoxidans_ASRB2_DSM_11109,MAXM01.1.gbff_genome
454,OEU55706.1,etfB,Desulfocapsa_sulfexigens_DSM_10523,MAXM01.1.gbff_genome
463,PXF59922.1,etfB,Desulfobacterales_sp._S3730MH5_(Seep_SRB1c),PQXE01.1.gbff_genome
464,PXF59922.1,etfB,Desulfobacterales_sp._C00003060_(Seep_SRB1c),PQXE01.1.gbff_genome
465,PXF56021.1,etfB,Desulfobacterales_sp._S5133MH4_(Seep_SRB1c),PQXD01.1.gbff_genome
466,PXF56021.1,etfB,Desulfobacterales_sp._S7086C20_(Seep_SRB1c),PQXD01.1.gbff_genome
513,OEU60987.1,etfA,Desulfatibacillum_alkenivorans_DSM_16219,MANV01.1.gbff_genome
514,OEU60987.1,etfA,Desulfobacterium_anilini_DSM_4660,MANV01.1.gbff_genome
515,OEU55707.1,etfA,Desulfobacca_acetoxidans_ASRB2_DSM_11109,MAXM01.1.gbff_genome
516,OEU55707.1,etfA,Desulfocapsa_sulfexigens_DSM_10523,MAXM01.1.gbff_genome
526,PXF59921.1,etfA,Desulfobacterales_sp._C00003060_(Seep_SRB1c),PQXE01.1.gbff_genome
527,PXF59921.1,etfA,Desulfobacterales_sp._S5133MH4_(Seep_SRB1c),PQXE01.1.gbff_genome
528,PXF56020.1,etfA,Desulfobacterales_sp._S7086C20_(Seep_SRB1c),PQXD01.1.gbff_genome
529,PXF56020.1,etfA,Seep-SRB1g_sp._C00003104,PQXD01.1.gbff_genome
576,OEU60986.1,etfB,Desulfatibacillum_alkenivorans_DSM_16219,MANV01.1.gbff_genome
577,OEU60986.1,etfB,Desulfobacterium_anilini_DSM_4660,MANV01.1.gbff_genome
578,OEU55706.1,etfB,Desulfobacca_acetoxidans_ASRB2_DSM_11109,MAXM01.1.gbff_genome
579,OEU55706.1,etfB,Desulfocapsa_sulfexigens_DSM_10523,MAXM01.1.gbff_genome
588,PXF59922.1,etfB,Desulfobacterales_sp._S3730MH5_(Seep_SRB1c),PQXE01.1.gbff_genome
589,PXF59922.1,etfB,Desulfobacterales_sp._C00003060_(Seep_SRB1c),PQXE01.1.gbff_genome
590,PXF56021.1,etfB,Desulfobacterales_sp._S5133MH4_(Seep_SRB1c),PQXD01.1.gbff_genome
591,PXF56021.1,etfB,Desulfobacterales_sp._S7086C20_(Seep_SRB1c),PQXD01.1.gbff_genome
609,PXF58562.1,flxB,Desulfocapsa_sulfexigens_DSM_10523,PQXE01.1.gbff_genome
610,PXF53179.1,flxB,Desulfobulbus_propionicus_1pr3_DSM_2032,PQXD01.1.gbff_genome
626,PXF58558.1,HdrA,Desulfocapsa_sulfexigens_DSM_10523,PQXE01.1.gbff_genome
627,PXF53184.1,HdrA,Desulfobulbus_propionicus_1pr3_DSM_2032,PQXD01.1.gbff_genome
657,MBW2163081.1,HyhL,Seep-SRB2_Meg22_02_Bin_69,JAFDFS01.1.gbff_genome
658,MBW2098351.1,HyhL,Seep-SRB2_Meg22_1012_Bin_255,JAFDGK01.1.gbff_genome
659,MBW2099038.1,MvhA,Seep-SRB2_Meg22_1012_Bin_255,JAFDGK01.1.gbff_genome
660,MBW1966476.1,HyhL,Seep-SRB2_Meg22_1214_Bin_80,JAFDIH01.1.gbff_genome
661,MBW1966494.1,MvhA,Seep-SRB2_Meg22_1214_Bin_80,JAFDIH01.1.gbff_genome
662,MBW1932047.1,HyhL,Seep-SRB2_Meg22_1416_Bin_56,JAFDIO01.1.gbff_genome
663,MBW1925823.1,HyhL,Seep-SRB2_Meg22_1618_Bin_165,JAFDIU01.1.gbff_genome
664,MBW1926464.1,MvhA,Seep-SRB2_Meg22_1618_Bin_165,JAFDIU01.1.gbff_genome
665,PXF54232.1,MvhA,SeepSRB2_G37_sp003194485,PQXD01.1.gbff_genome
666,LWW99_10885,HyhL,SeepSRB2_sp._PB10259FWG173,JAJSZQ000000000.gbff_genome
667,LWX01_07075,HyhL,SeepSRB2_sp._PBNA091R45FWG174,JAJSZR000000000.gbff_genome
670,PXF56808.1,HyhL,SeepSRB2_sp003194495,PQXE01.1.gbff_genome
671,RKX60486.1,HyhL,SeepSRB2_sp00364560,QNAY01.1.gbff_genome
676,MBW2738836.1,HyhL,Seep-SRB1a_AB_03_Bin_172,JAFCZG01.1.gbff_genome
677,MBW2164864.1,HysA,Seep-SRB1a_Meg22_02_Bin_90,JAFDFV01.1.gbff_genome
678,MBW1833212.1,HysA,Seep-SRB1a_Meg22_24_Bin_68,JAFDJY01.1.gbff_genome
679,MBW1744807.1,HysA,Seep-SRB1a_Meg22_46_Bin_236,JAFDKW01.1.gbff_genome
680,MBT9440102.1,HysA,SeepSRB1a_sp._S7142MS3,JAABVG01.1.gbff_genome
681,LWX54_02785,HysA,SeepSRB1a_sp._SM7059A,JAJSZW000000000.gbff_genome
684,LWX54_14635,QmoA,,JAJSZW000000000.gbff_genome
685,LWX51_04085,QmoA,Seep-SRB1a sp. SM7059A,JAJSZT000000000.gbff_genome
687,PXF54059.1,QmoA,Seep-SRB1g sp. CR10073A,PQXD01.1.gbff_genome
688,PXF57422.1,QmoA,Seep-SRB2 sp. G37,PQXE01.1.gbff_genome
692,LWX54_14640,QmoB,,JAJSZW000000000.gbff_genome
693,LWX51_04090,QmoB,Seep-SRB1a sp. SM7059A,JAJSZT000000000.gbff_genome
695,PXF54060.1,QmoB,Seep-SRB1g sp. CR10073A,PQXD01.1.gbff_genome
696,PXF57421.1,QmoB,Seep-SRB2 sp. G37,PQXE01.1.gbff_genome
701,LWX54_14645,QmoC,,JAJSZW000000000.gbff_genome
702,LWX51_04095,QmoC,Seep-SRB1a sp. SM7059A,JAJSZT000000000.gbff_genome
704,PXF54061.1,QmoC,Seep-SRB1g sp. CR10073A,PQXD01.1.gbff_genome
705,PXF57420.1,QmoC,Seep-SRB2 sp. G37,PQXE01.1.gbff_genome
709,LWX54_00290,DsrM,,JAJSZW000000000.gbff_genome
710,LWX51_01600,DsrM,Seep-SRB1a sp. SM7059A,JAJSZT000000000.gbff_genome
712,PXF54504.1,DsrM,Seep-SRB1g sp. CR10073A,PQXD01.1.gbff_genome
713,PXF59681.1,DsrM,Seep-SRB2 sp. G37,PQXE01.1.gbff_genome
716,LWW99_02930,DsrM,DesulfofervidalesDG60_sp._PB11719FWG156,JAJSZQ000000000.gbff_genome
717,LWX01_01685,DsrM,Seep-SRB2_sp._PB10259FWG173,JAJSZR000000000.gbff_genome
720,LWX54_00295,DsrK,,JAJSZW000000000.gbff_genome
721,LWX51_01605,DsrK,Seep-SRB1a sp. SM7059A,JAJSZT000000000.gbff_genome
723,PXF54505.1,DsrK,Seep-SRB1g sp. CR10073A,PQXD01.1.gbff_genome
724,PXF59680.1,DsrK,Seep-SRB2 sp. G37,PQXE01.1.gbff_genome
727,LWW99_02925,DsrK,DesulfofervidalesDG60_sp._PB11719FWG156,JAJSZQ000000000.gbff_genome
728,LWX01_01690,DsrK,Seep-SRB2_sp._PB10259FWG173,JAJSZR000000000.gbff_genome
731,LWX54_00300,DsrJ,,JAJSZW000000000.gbff_genome
732,LWX51_01610,DsrJ,Seep-SRB1a sp. SM7059A,JAJSZT000000000.gbff_genome
734,PXF54506.1,DsrJ,Seep-SRB1g sp. CR10073A,PQXD01.1.gbff_genome
735,PXF59679.1,DsrJ,Seep-SRB2 sp. G37,PQXE01.1.gbff_genome
738,LWW99_02920,DsrJ,DesulfofervidalesDG60_sp._PB11719FWG156,JAJSZQ000000000.gbff_genome
739,LWX01_01695,DsrJ,Seep-SRB2_sp._PB10259FWG173,JAJSZR000000000.gbff_genome
742,LWX54_00305,DsrO,,JAJSZW000000000.gbff_genome
743,LWX51_01615,DsrO,Seep-SRB1a sp. SM7059A,JAJSZT000000000.gbff_genome
745,PXF54507.1,DsrO,Seep-SRB1g sp. CR10073A,PQXD01.1.gbff_genome
746,PXF59678.1,DsrO,Seep-SRB2 sp. G37,PQXE01.1.gbff_genome
749,LWW99_02915,DsrO,DesulfofervidalesDG60_sp._PB11719FWG156,JAJSZQ000000000.gbff_genome
750,LWX01_01700,DsrO,Seep-SRB2_sp._PB10259FWG173,JAJSZR000000000.gbff_genome
753,LWX54_00310,DsrP,,JAJSZW000000000.gbff_genome
754,LWX51_01620,DsrP,Seep-SRB1a sp. SM7059A,JAJSZT000000000.gbff_genome
756,PXF54508.1,DsrP,Seep-SRB1g sp. CR10073A,PQXD01.1.gbff_genome
757,PXF59677.1,DsrP,Seep-SRB2 sp. G37,PQXE01.1.gbff_genome
760,LWW99_02910,DsrP,DesulfofervidalesDG60_sp._PB11719FWG156,JAJSZQ000000000.gbff_genome
761,LWX01_01705,DsrP,Seep-SRB2_sp._PB10259FWG173,JAJSZR000000000.gbff_genome
764,PXF54667.1,CbcA,,PQXD01.1.gbff_genome
765,PXF56544.1,CbcA,Seep-SRB1a sp. SM7059A,PQXE01.1.gbff_genome
766,LWW99_09840,CbcA,Seep-SRB1a sp. CR9063A,JAJSZQ000000000.gbff_genome
767,LWX01_01010,CbcA,Seep-SRB1g sp. CR10073A,JAJSZR000000000.gbff_genome
768,PXF54668.1,CbcB,,PQXD01.1.gbff_genome
769,PXF56545.1,CbcB,Seep-SRB1a sp. SM7059A,PQXE01.1.gbff_genome
770,LWW99_09845,CbcB,Seep-SRB1a sp. CR9063A,JAJSZQ000000000.gbff_genome
771,LWX01_01005,CbcB,Seep-SRB1g sp. CR10073A,JAJSZR000000000.gbff_genome
772,LWX54_16855,RnfC,,JAJSZW000000000.gbff_genome
773,LWX51_11095,RnfC,Seep-SRB1a sp. SM7059A,JAJSZT000000000.gbff_genome
779,LWX54_16850,RnfD,,JAJSZW000000000.gbff_genome
780,LWX51_11100,RnfD,Seep-SRB1a sp. SM7059A,JAJSZT000000000.gbff_genome
786,LWX54_16845,RnfG,,JAJSZW000000000.gbff_genome
787,LWX51_11105,RnfG,Seep-SRB1a sp. SM7059A,JAJSZT000000000.gbff_genome
793,LWX54_16840,RnfE,,JAJSZW000000000.gbff_genome
794,LWX51_11110,RnfE,Seep-SRB1a sp. SM7059A,JAJSZT000000000.gbff_genome
800,LWX54_16835,RnfA,,JAJSZW000000000.gbff_genome
801,LWX51_11115,RnfA,Seep-SRB1a sp. SM7059A,JAJSZT000000000.gbff_genome
812,LWX54_14275,QrcA,,JAJSZW000000000.gbff_genome
813,LWX51_04130,QrcA,Seep-SRB1a sp. SM7059A,JAJSZT000000000.gbff_genome
818,LWX54_14280,QrcB,,JAJSZW000000000.gbff_genome
819,LWX51_04135,QrcB,Seep-SRB1a sp. SM7059A,JAJSZT000000000.gbff_genome
824,LWX54_14285,QrcC,,JAJSZW000000000.gbff_genome
825,LWX51_04140,QrcC,Seep-SRB1a sp. SM7059A,JAJSZT000000000.gbff_genome
831,LWX54_14290,QrcD,,JAJSZW000000000.gbff_genome
832,LWX51_04145,QrcD,Seep-SRB1a sp. SM7059A,JAJSZT000000000.gbff_genome
838,LWX54_06190,TmcB,,JAJSZW000000000.gbff_genome
839,LWX51_02105,TmcB,Seep-SRB1a sp. SM7059A,JAJSZT000000000.gbff_genome
843,LWX54_06195,TmcC,,JAJSZW000000000.gbff_genome
844,LWX51_02110,TmcC,Seep-SRB1a sp. SM7059A,JAJSZT000000000.gbff_genome
849,LWX54_06200,TmcD,,JAJSZW000000000.gbff_genome
850,LWX51_02115,TmcD,Seep-SRB1a sp. SM7059A,JAJSZT000000000.gbff_genome
854,LWX54_06010,TpIc3,,JAJSZW000000000.gbff_genome
855,PXF54848.1,TpIc3,Seep-SRB1a sp. SM7059A,PQXD01.1.gbff_genome
856,PXF57772.1,TpIc3,Seep-SRB1a sp. CR9063A,PQXE01.1.gbff_genome
858,LWW99_05600,TpIc3,Seep-SRB2 sp. G37,JAJSZQ000000000.gbff_genome
859,LWX01_02850,TpIc3,E20 Seep-SRB2,JAJSZR000000000.gbff_genome
862,LWX54_03390,TmcA_DSC,,JAJSZW000000000.gbff_genome
863,LWX51_11060,TmcA_DSC,Seep-SRB1a sp. SM7059A,JAJSZT000000000.gbff_genome
865,LWX54_04680,SatA,,JAJSZW000000000.gbff_genome
866,LWX51_04100,SatA,Seep-SRB1a sp. SM7059A,JAJSZT000000000.gbff_genome
868,PXF55574.1,SatA,Seep-SRB1g sp. CR10073A,PQXD01.1.gbff_genome
869,PXF59179.1,SatA,Seep-SRB2 sp. G37,PQXE01.1.gbff_genome
871,LWW99_05875,SatA,Desulfofervidaceae_sp._PB11946FWG155,JAJSZQ000000000.gbff_genome
872,LWX01_04125,SatA,DesulfofervidalesDG60_sp._PB11719FWG156,JAJSZR000000000.gbff_genome
874,LWX54_14940,DsrA,,JAJSZW000000000.gbff_genome
875,LWX51_03095,DsrA,Seep-SRB1a sp. SM7059A,JAJSZT000000000.gbff_genome
877,PXF54516.1,DsrA,Seep-SRB1g sp. CR10073A,PQXD01.1.gbff_genome
878,PXF59669.1,DsrA,Seep-SRB2 sp. G37,PQXE01.1.gbff_genome
881,LWW99_04725,DsrA,DesulfofervidalesDG60_sp._PB11719FWG156,JAJSZQ000000000.gbff_genome
882,LWX01_07900,DsrA,Seep-SRB2_sp._PB10259FWG173,JAJSZR000000000.gbff_genome
885,LWX51_03100,DsrB,,JAJSZT000000000.gbff_genome
887,PXF54589.1,DsrB,Seep-SRB1a sp. CR9063A,PQXD01.1.gbff_genome
888,PXF59747.1,DsrB,Seep-SRB1g sp. CR10073A,PQXE01.1.gbff_genome
891,LWW99_04730,DsrB,Desulfofervidaceae_sp._PB11946FWG155,JAJSZQ000000000.gbff_genome
894,LWX54_14680,AprA,,JAJSZW000000000.gbff_genome
895,LWX51_04080,AprA,Seep-SRB1a sp. SM7059A,JAJSZT000000000.gbff_genome
897,PXF54058.1,AprA,Seep-SRB1g sp. CR10073A,PQXD01.1.gbff_genome
898,PXF57423.1,AprA,Seep-SRB2 sp. G37,PQXE01.1.gbff_genome
902,LWX51_04075,AprB,,JAJSZT000000000.gbff_genome
903,PXF54057.1,AprB,Seep-SRB1a sp. SM7059A,PQXD01.1.gbff_genome
904,PXF57424.1,AprB,Seep-SRB1a sp. CR9063A,PQXE01.1.gbff_genome
908,LWX54_06375,DsrC,,JAJSZW000000000.gbff_genome
909,LWX51_04425,DsrC,Seep-SRB1a sp. SM7059A,JAJSZT000000000.gbff_genome
911,PXF55362.1,DsrC,Seep-SRB1g sp. CR10073A,PQXD01.1.gbff_genome
912,PXF59134.1,DsrC,Seep-SRB2 sp. G37,PQXE01.1.gbff_genome
915,LWW99_08645,DsrC,DesulfofervidalesDG60_sp._PB11719FWG156,JAJSZQ000000000.gbff_genome
916,LWX01_07260,DsrC,Seep-SRB2_sp._PB10259FWG173,JAJSZR000000000.gbff_genome
920,PXF56695.1,NuoA,Seep-SRB1a sp. SM7059A,PQXE01.1.gbff_genome
921,LWW99_08350,NuoA,Seep-SRB1a sp. CR9063A,JAJSZQ000000000.gbff_genome
922,LWX01_09355,NuoA,Seep-SRB1g sp. CR10073A,JAJSZR000000000.gbff_genome
924,PXF56696.1,NuoB,Seep-SRB1a sp. SM7059A,PQXE01.1.gbff_genome
925,LWW99_08345,NuoB,Seep-SRB1a sp. CR9063A,JAJSZQ000000000.gbff_genome
926,LWX01_09360,NuoB,Seep-SRB1g sp. CR10073A,JAJSZR000000000.gbff_genome
928,PXF56697.1,NuoC,Seep-SRB1a sp. SM7059A,PQXE01.1.gbff_genome
929,LWW99_08340,NuoC,Seep-SRB1a sp. CR9063A,JAJSZQ000000000.gbff_genome
930,LWX01_09365,NuoC,Seep-SRB1g sp. CR10073A,JAJSZR000000000.gbff_genome
932,PXF56698.1,NuoD,Seep-SRB1a sp. SM7059A,PQXE01.1.gbff_genome
933,LWW99_08335,NuoD,Seep-SRB1a sp. CR9063A,JAJSZQ000000000.gbff_genome
934,LWX01_09370,NuoD,Seep-SRB1g sp. CR10073A,JAJSZR000000000.gbff_genome
936,PXF56699.1,NuoH,Seep-SRB1a sp. SM7059A,PQXE01.1.gbff_genome
937,LWX01_07335,NuoH,Seep-SRB1a sp. CR9063A,JAJSZR000000000.gbff_genome
939,PXF56700.1,NuoI,Seep-SRB1a sp. SM7059A,PQXE01.1.gbff_genome
940,LWX01_07340,NuoI,Seep-SRB1a sp. CR9063A,JAJSZR000000000.gbff_genome
942,PXF56702.1,NuoK,Seep-SRB1a sp. SM7059A,PQXE01.1.gbff_genome
943,LWX01_07350,NuoK,Seep-SRB1a sp. CR9063A,JAJSZR000000000.gbff_genome
945,PXF56703.1,NuoL,Seep-SRB1a sp. SM7059A,PQXE01.1.gbff_genome
946,LWX01_07355,NuoL,Seep-SRB1a sp. CR9063A,JAJSZR000000000.gbff_genome
948,PXF56704.1,NuoM,Seep-SRB1a sp. SM7059A,PQXE01.1.gbff_genome
949,LWX01_07360,NuoM,Seep-SRB1a sp. CR9063A,JAJSZR000000000.gbff_genome
950,LWX01_07365,NuoM,Seep-SRB1g sp. CR10073A,JAJSZR000000000.gbff_genome
952,PXF56705.1,NuoN,Seep-SRB1a sp. SM7059A,PQXE01.1.gbff_genome
953,LWX01_07370,NuoN,Seep-SRB1a sp. CR9063A,JAJSZR000000000.gbff_genome
954,LWX54_00060,MrpD,,JAJSZW000000000.gbff_genome
955,LWX51_12370,MrpD,Seep-SRB1a sp. SM7059A,JAJSZT000000000.gbff_genome
957,PXF55936.1,MrpD,Seep-SRB1g sp. CR10073A,PQXD01.1.gbff_genome
958,PXF56550.1,MrpD,Seep-SRB2 sp. G37,PQXE01.1.gbff_genome
960,LWW99_08995,MrpD,Desulfofervidaceae_sp._PB11946FWG155,JAJSZQ000000000.gbff_genome
961,LWX01_00960,MrpD,DesulfofervidalesDG60_sp._PB11719FWG156,JAJSZR000000000.gbff_genome
964,LWX54_00070,MrpD.1,,JAJSZW000000000.gbff_genome
965,LWX54_00075,MrpD.1,Seep-SRB1a sp. SM7059A,JAJSZW000000000.gbff_genome
966,LWX51_12375,MrpD.1,Seep-SRB1a sp. SM7059A,JAJSZT000000000.gbff_genome
969,PXF55934.1,MrpD.1,Seep-SRB1a sp. CR9063A,PQXD01.1.gbff_genome
970,PXF55933.1,MrpD.1,Seep-SRB1g sp. CR10073A,PQXD01.1.gbff_genome
971,PXF56552.1,MrpD.1,Seep-SRB1g sp. CR10073A,PQXE01.1.gbff_genome
974,LWW99_09000,MrpD.1,Desulfofervidaceae_sp._PB11946FWG155,JAJSZQ000000000.gbff_genome
975,LWX01_00955,MrpD.1,Desulfofervidaceae_sp._PB11946FWG155,JAJSZR000000000.gbff_genome
980,LWX54_00080,MrpC,,JAJSZW000000000.gbff_genome
981,LWX51_12380,MrpC,Seep-SRB1a sp. SM7059A,JAJSZT000000000.gbff_genome
984,LWW99_09005,MrpC,Seep-SRB2 sp. G37,JAJSZQ000000000.gbff_genome
985,LWX01_00950,MrpC,E20 Seep-SRB2,JAJSZR000000000.gbff_genome
988,LWX51_12385,MrpA,,JAJSZT000000000.gbff_genome
989,LWX54_00095,MrpG,,JAJSZW000000000.gbff_genome
990,LWX51_12395,MrpG,Seep-SRB1a sp. SM7059A,JAJSZT000000000.gbff_genome
993,LWW99_09020,MrpG,Seep-SRB2 sp. G37,JAJSZQ000000000.gbff_genome
994,LWX01_00935,MrpG,E20 Seep-SRB2,JAJSZR000000000.gbff_genome
997,LWX54_00100,MrpF,,JAJSZW000000000.gbff_genome
998,LWX51_12400,MrpF,Seep-SRB1a sp. SM7059A,JAJSZT000000000.gbff_genome
1000,PXF55930.1,MrpF,Seep-SRB1g sp. CR10073A,PQXD01.1.gbff_genome
1001,PXF56556.1,MrpF,Seep-SRB2 sp. G37,PQXE01.1.gbff_genome
1003,LWW99_09025,MrpF,Desulfofervidaceae_sp._PB11946FWG155,JAJSZQ000000000.gbff_genome
1004,LWX01_00940,MrpF,DesulfofervidalesDG60_sp._PB11719FWG156,JAJSZR000000000.gbff_genome
1007,LWX54_00110,MrpB,,JAJSZW000000000.gbff_genome
1008,LWX51_12410,MrpB,Seep-SRB1a sp. SM7059A,JAJSZT000000000.gbff_genome
1010,PXF55932.1,MrpB,Seep-SRB1g sp. CR10073A,PQXD01.1.gbff_genome
1011,PXF56554.1,MrpB,Seep-SRB2 sp. G37,PQXE01.1.gbff_genome
1013,LWW99_09010,MrpB,Desulfofervidaceae_sp._PB11946FWG155,JAJSZQ000000000.gbff_genome
1014,LWX01_00945,MrpB,DesulfofervidalesDG60_sp._PB11719FWG156,JAJSZR000000000.gbff_genome
1015,LWX54_00115,MrpE,,JAJSZW000000000.gbff_genome
1016,LWX51_12415,MrpE,Seep-SRB1a sp. SM7059A,JAJSZT000000000.gbff_genome
1018,PXF55929.1,MrpE,Seep-SRB1g sp. CR10073A,PQXD01.1.gbff_genome
1019,PXF56564.1,MrpE,Seep-SRB2 sp. G37,PQXE01.1.gbff_genome
1021,LWW99_09030,MrpE,Desulfofervidaceae_sp._PB11946FWG155,JAJSZQ000000000.gbff_genome
1022,LWX01_00925,MrpE,DesulfofervidalesDG60_sp._PB11719FWG156,JAJSZR000000000.gbff_genome
1025,LWX51_00905,Pfor_C,,JAJSZT000000000.gbff_genome
1026,LWX51_00910,Pfor_B,,JAJSZT000000000.gbff_genome
1027,LWX51_00915,Pfor_A,,JAJSZT000000000.gbff_genome
1032,PXF54789.1,HdrA1,G37 Seep-SRB2,PQXD01.1.gbff_genome
1033,PXF60382.1,HdrA1,E20 Seep-SRB2,PQXE01.1.gbff_genome
1038,PXF54228.1,HdrA2,G37 Seep-SRB2,PQXD01.1.gbff_genome
1039,PXF56933.1,HdrA2,E20 Seep-SRB2,PQXE01.1.gbff_genome
1044,PXF53813.1,HdrA3,G37 Seep-SRB2,PQXD01.1.gbff_genome
1045,PXF58558.1,HdrA3,E20 Seep-SRB2,PQXE01.1.gbff_genome
1048,PXF53184.1,HdrA4,Seep-SRB1a SM7059,PQXD01.1.gbff_genome
1049,PXF57422.1,HdrA4,Seep-SRB1g CR10073,PQXE01.1.gbff_genome
1051,PXF54060.1,HdrA5,Seep-SRB1a CR9063,PQXD01.1.gbff_genome
1052,PXF54059.1,HdrA5,Seep-SRB1a SM7059,PQXD01.1.gbff_genome
1053,PXF58554.1,HdrA5,Seep-SRB1g CR10073,PQXE01.1.gbff_genome
1069,OEU59756.1,nifD,Desulfocapsa_sulfexigens_DSM_10523,MANV01.1.gbff_genome
1070,OEU52422.1,nifD,Desulfobulbus_propionicus_1pr3_DSM_2032,MAXM01.1.gbff_genome
1072,PXF56965.1,nifD,Desulfobulbus_mediterraneus_DSM_13871,PQXE01.1.gbff_genome
1073,OEU59756.1,nifD,Desulfocurvus_vexinensis_DSM_17965,MANV01.1.gbff_genome
1074,OEU52422.1,nifD,Desulfovibrio_vulgaris_RCH1,MAXM01.1.gbff_genome
1075,MBC2695217.1,nifD,Desulfonatronum_thioautotrophicum_ASO4_1,JAAXOL01.1.gbff_genome
1076,MBC2719528.1,nifD,Desulfomicrobium_escambiense_DSM_10707,JABZFQ01.1.gbff_genome
1077,MBT9438261.1,nifD,Shewanella_oneidensis_MR_1,JAABVG01.1.gbff_genome
1079,LWW98_03655,nifD,Desulfobacterales_sp._C00003060_(Seep_SRB1c),JAJSZO000000000.gbff_genome
1083,LWX51_11575,nifD,Desulfococcus_sp._C00003106,JAJSZT000000000.gbff_genome
1085,LWX08_09060,nifD,Desulfobulbaceae_bacterium_C00003063,JAJSZU000000000.gbff_genome
1087,LWX02_02955,nifD,Desulfobulbaceae_bacterium_S5133MH15,JAJSZV000000000.gbff_genome
1089,LWX54_07315,nifD,SeepSRB2_sp003194495,JAJSZW000000000.gbff_genome
1093,LWX55_03765,nifD,SeepSRB1a_sp014237365a,JAJSZY000000000.gbff_genome
1098,OEU56212.1,Periplasmic_formate_dehydrogenase alpha subunit cytc ,Desulfobacterales bacterium C00003106,MAXM01.1.gbff_genome
1099,MBW2737732.1,Periplasmic_formate_dehydrogenase alpha subunit cytc ,Seep-SRB1a AB 03 Bin 172,JAFCZG01.1.gbff_genome
1100,MBC2696320.1,Periplasmic_formate_dehydrogenase alpha subunit cytc ,SeepSRB1a sp014237365,JAAXOL01.1.gbff_genome
1107,MBW2165515.1,Periplasmic_formate_dehydrogenase alpha subunit cytc ,Seep-SRB1a Meg22 02 Bin 90,JAFDFV01.1.gbff_genome
1114,MBW2740924.1,formate dehydrogenase beta subunit,Seep-SRB1a AB 03 Bin 172,JAFCZG01.1.gbff_genome
1118,MBW1938170.1,formate dehydrogenase beta subunit,Seep-SRB2 Meg22 1618 Bin 149,JAFDIR01.1.gbff_genome
1123,OEU56211.1,formate dehydrogenase beta subunit,SeepSRB1g sp001751015 b,MAXM01.1.gbff_genome
1135,MBW2165514.1,formate dehydrogenase beta subunit,Seep-SRB1a Meg22 02 Bin 90,JAFDFV01.1.gbff_genome
1136,MBW2740969.1,formate dehydrogenase beta subunit,Seep-SRB1a AB 03 Bin 172,JAFCZG01.1.gbff_genome
1137,MBW2737733.1,formate dehydrogenase beta subunit,Seep-SRB1a AB 03 Bin 172,JAFCZG01.1.gbff_genome
1138,MBC2696321.1,formate dehydrogenase beta subunit,SeepSRB1a sp014237365,JAAXOL01.1.gbff_genome
1142,OEU56163.1,cytoplasmic formate dehydrogenase (next to Acetyl CoA synthase),Desulfobacterales bacterium C00003106,MAXM01.1.gbff_genome
1143,MBT9448395.1,cytoplasmic formate dehydrogenase (next to Acetyl CoA synthase),SeepSRB1g sp. S7142MS4,JAABVH01.1.gbff_genome
1155,MBT9438954.1,cytoplasmic formate dehydrogenase (next to Acetyl CoA synthase),SeepSRB1a sp. S7142MS3,JAABVG01.1.gbff_genome
1157,MBW2740923.1,cytoplasmic formate dehydrogenase (next to Acetyl CoA synthase),Seep-SRB1a AB 03 Bin 172,JAFCZG01.1.gbff_genome
1158,MBC2693900.1,cytoplasmic formate dehydrogenase (next to Acetyl CoA synthase),SeepSRB1a sp014237365,JAAXOL01.1.gbff_genome
1164,OEU52942.1,nuoEF,Desulfobacterales bacterium C00003106,MAXM01.1.gbff_genome
1165,OEU58186.1,nuoEF,Desulfobacterales bacterium C00003104,MANV01.1.gbff_genome
1178,PXF55613.1,nuoEF,SeepSRB2 G37 sp003194485,PQXD01.1.gbff_genome
1179,MBW1927006.1,nuoEF,Seep-SRB2 Meg22 1618 Bin 165,JAFDIU01.1.gbff_genome
1180,MBW1966322.1,nuoEF,Seep-SRB2 Meg22 1214 Bin 80,JAFDIH01.1.gbff_genome
1183,MBW1938911.1,nuoEF,Seep-SRB2 Meg22 1618 Bin 149,JAFDIR01.1.gbff_genome
1184,MBW1963625.1,nuoEF,Seep-SRB2 Meg22 1214 Bin 60,JAFDIE01.1.gbff_genome
1187,PXF60403.1,nuoEF,Deltaproteobacteria bacterium,PQXE01.1.gbff_genome
1188,RKX62596.1,nuoEF,SeepSRB2 sp00364560,QNAY01.1.gbff_genome
1190,RKX61769.1,nuoEF,SeepSRB2 sp00364560,QNAY01.1.gbff_genome
1191,LWX55_06175,nfnB,SeepSRB1g sp. CR10073B,JAJSZY000000000.gbff_genome
1192,OEU55688.1,nfnB,Desulfobacterales bacterium C00003106,MAXM01.1.gbff_genome
1195,LWW97_09940,nfnB,SeepSRB1a_sp._SM14434BFWG172,JAJSZP000000000.gbff_genome
1196,MBW2741193.1,nfnB,Seep-SRB1a_AB_03_Bin_172,JAFCZG01.1.gbff_genome
1197,MBW2740367.1,nfnB,Seep-SRB1a_AB_03_Bin_172,JAFCZG01.1.gbff_genome
1198,MBC2695912.1,nfnB,SeepSRB1a_sp014237365,JAAXOL01.1.gbff_genome
1199,MBC2720226.1,nfnB,SeepSRB1a_sp014237365a,JABZFQ01.1.gbff_genome
1200,MBW1834576.1,nfnB,Seep-SRB1a_Meg22_24_Bin_68,JAFDJY01.1.gbff_genome
1201,MBT9439010.1,nfnB,SeepSRB1a_sp._S7142MS3,JAABVG01.1.gbff_genome
1202,LWX54_10880,nfnB,SeepSRB1a sp. SM7059A,JAJSZW000000000.gbff_genome
1203,LWX51_15065,nfnB,SeepSRB1a sp013792055,JAJSZT000000000.gbff_genome
1204,LWX08_05840,nfnB,SeepSRB1a sp. CR9063B,JAJSZU000000000.gbff_genome
1205,LWW98_05440,nfnB,SeepSRB1a_sp._SM14434AFWG171,JAJSZO000000000.gbff_genome
1213,PXF53767.1,cbiA,HotSeep1_E50,PQXD01.1.gbff_genome
1214,PXF54501.1,cbiA,HotSeep1_FWG170,PQXD01.1.gbff_genome
1215,MBW2098732.1,cbiA,Dissulfurirhabdus_thermomarina_ASM1049943v1,JAFDGK01.1.gbff_genome
1216,MBW1965788.1,cbiA,Dissulfurirhabdus_thermomarina_ASM1049943v1,JAFDIH01.1.gbff_genome
1217,MBW1967437.1,cbiA,Dissulfurirhabdus_thermomarina_ASM1049943v1,JAFDIH01.1.gbff_genome
1218,LWW99_11475,cbiA,Dissulfurirhabdus_thermomarina_ASM1049943v1,JAJSZQ000000000.gbff_genome
1219,LWW99_02945,cbiA,Dissulfurirhabdus_thermomarina_ASM1049943v1,JAJSZQ000000000.gbff_genome
1220,LWX01_06475,cbiA,Dissulfurirhabdus_thermomarina_ASM1297923v1,JAJSZR000000000.gbff_genome
1221,LWX01_01670,cbiA,Dissulfurirhabdus_thermomarina_ASM1297923v1,JAJSZR000000000.gbff_genome
1224,PXF59691.1,cbiA,UBA5754_sp002419025,PQXE01.1.gbff_genome
1225,PXF59684.1,cbiA,UBA5754_sp002419025,PQXE01.1.gbff_genome
1226,RKX61901.1,cbiA,UBA5754_sp002419025,QNAY01.1.gbff_genome
1227,RKX61581.1,cbiA,UBA5754_sp002419025,QNAY01.1.gbff_genome
1228,MBW2163207.1,cbiA,UBA5754_sp002419025,JAFDFS01.1.gbff_genome
1229,MBW2163757.1,cbiA,UBA5754_sp002419025,JAFDFS01.1.gbff_genome
1230,MBW2164520.1,cbiA,Seep-SRB2_sp._1_(str._G37),JAFDFS01.1.gbff_genome
1231,OPL14453.1,cbiA,Seep-SRB2_sp._1_(str._Meg22_1012_Bin_255),LQBF01.1.gbff_genome
1233,MBW2079519.1,cbiA,Seep-SRB2_sp._1_(str._Meg22_1416_Bin_176),JAFDGV01.1.gbff_genome
1234,MBW1964552.1,cbiA,Seep-SRB2_sp._2_(str._FWG173),JAFDIE01.1.gbff_genome
1235,MBW1931634.1,cbiA,Seep-SRB2_sp._2_(str._FWG174),JAFDIO01.1.gbff_genome
1236,MBW1937674.1,cbiA,Seep-SRB2_sp._3_(str._002367355),JAFDIR01.1.gbff_genome
1237,MBW1670771.1,cbiA,Seep-SRB2_sp._4_(str._E20),JAFDLI01.1.gbff_genome
1238,MBW1718469.1,cbiA,Seep-SRB2_sp._5_(str._003645605),JAFDLJ01.1.gbff_genome
1246,LWX51_03110,cbiA,Seep-SRB2_sp._8_(str._Meg22_1618_Bin_149),JAJSZT000000000.gbff_genome
1247,LWX08_13530,cbiA,Seep-SRB2_sp._8_(str._Meg22_46_Bin_87),JAJSZU000000000.gbff_genome
1248,LWX02_03385,cbiA,Seep-SRB2_sp._8_(str._Meg22_810_Bin_10),JAJSZV000000000.gbff_genome
1249,MBC2694557.1,cbiA,Seep-SRB2_sp._8_(str._Meg22_810_Bin_10),JAAXOL01.1.gbff_genome
1250,MBC2718867.1,cbiA,JACNLL01_sp014381545,JABZFQ01.1.gbff_genome
1251,LWW97_11240,cbiA,JACNLL01_sp013202725,JAJSZP000000000.gbff_genome
1252,LWW97_04710,cbiA,Eth-SRB1_sp004193555,JAJSZP000000000.gbff_genome
1255,MBW2737408.1,cbiA,Eth-SRB1_sp019313565,JAFCZG01.1.gbff_genome
1256,MBW2738695.1,cbiA,Seep-SRB1a_sp._1_(str._013792055),JAFCZG01.1.gbff_genome
1274,OEU59435.1,cbiA,Seep-SRB1a_sp._4_(str._FWG171),MANV01.1.gbff_genome
1275,OEU59450.1,cbiA,Seep-SRB1a_sp._4_(str._FWG172),MANV01.1.gbff_genome
1276,OEU52229.1,cbiA,Seep-SRB1a_sp._5_(str._20073_SRB),MAXM01.1.gbff_genome
1279,LWX55_06245,cbiA,Seep-SRB1a_sp._5_(str._SM7059A),JAJSZY000000000.gbff_genome
1280,LWX55_06355,cbiA,Seep-SRB1a_sp._6_(str._003647525),JAJSZY000000000.gbff_genome
1281,MBT9448388.1,cbiA,Seep-SRB1a_sp._8_(str._AB_03_Bin_172),JAABVH01.1.gbff_genome
1286,PXF60368.1,cobS,HotSeep1_B50,PQXE01.1.gbff_genome
1287,RKX59813.1,cobS,HotSeep1_E37,QNAY01.1.gbff_genome
1301,PXF55392.1,cobT,HotSeep1_FWG170,PQXD01.1.gbff_genome
1302,MBW2098771.1,cobT,Dissulfurirhabdus_thermomarina_ASM1049943v1,JAFDGK01.1.gbff_genome
1303,MBW1967800.1,cobT,Dissulfurirhabdus_thermomarina_ASM1297923v1,JAFDIH01.1.gbff_genome
1304,MBW1947513.1,cobT,UBA5754_sp002419025,JAFDIM01.1.gbff_genome
1305,LWX01_06510,cobT,Seep-SRB2_sp._1_(str._G37),JAJSZR000000000.gbff_genome
1307,RKX59426.1,cobT,Seep-SRB2_sp._1_(str._Meg22_1214_Bin_80),QNAY01.1.gbff_genome
1308,MBW2163200.1,cobT,Seep-SRB2_sp._1_(str._Meg22_1416_Bin_176),JAFDFS01.1.gbff_genome
1315,LWX51_13665,cobT,Seep-SRB2_sp._7_(str._ML8_D),JAJSZT000000000.gbff_genome
1316,LWX08_04870,cobT,Seep-SRB2_sp._8_(str._Meg19_1012_Bin_147),JAJSZU000000000.gbff_genome
1317,LWX02_02130,cobT,Seep-SRB2_sp._8_(str._Meg22_1012_Bin_335),JAJSZV000000000.gbff_genome
1318,MBC2695879.1,cobT,Seep-SRB2_sp._8_(str._Meg22_1214_Bin_60),JAAXOL01.1.gbff_genome
1319,MBC2720192.1,cobT,Seep-SRB2_sp._8_(str._Meg22_1416_Bin_56),JABZFQ01.1.gbff_genome
1320,LWW98_08995,cobT,Seep-SRB2_sp._8_(str._Meg22_1618_Bin_149),JAJSZO000000000.gbff_genome
1321,LWW97_05565,cobT,Seep-SRB2_sp._8_(str._Meg22_46_Bin_87),JAJSZP000000000.gbff_genome
1322,MBT9440118.1,cobT,Seep-SRB2_sp._8_(str._Meg22_810_Bin_10),JAABVG01.1.gbff_genome
1323,LWX54_14995,cobT,JACNLL01_sp014381545,JAJSZW000000000.gbff_genome
1324,MBW2738124.1,cobT,JACNLL01_sp013202725,JAFCZG01.1.gbff_genome
1325,MBW2738306.1,cobT,Eth-SRB1_sp004193555,JAFCZG01.1.gbff_genome
1326,MBW2167360.1,cobT,Eth-SRB1_sp019314185,JAFDFV01.1.gbff_genome
1338,OEU53498.1,cobT,Seep-SRB1a_sp._5_(str._S7142MS3),MAXM01.1.gbff_genome
1340,LWX55_13930,cobT,Seep-SRB1a_sp._6_(str._003647525),JAJSZY000000000.gbff_genome
1348,PXF55393.1,cobU,HotSeep1_FWG170,PQXD01.1.gbff_genome
1349,MBW2098770.1,cobU,Dissulfurirhabdus_thermomarina_ASM1049943v1,JAFDGK01.1.gbff_genome
1350,MBW1967799.1,cobU,Dissulfurirhabdus_thermomarina_ASM1297923v1,JAFDIH01.1.gbff_genome
1351,MBW1947512.1,cobU,UBA5754_sp002419025,JAFDIM01.1.gbff_genome
1352,LWW99_11470,cobU,Seep-SRB2_sp._1_(str._G37),JAJSZQ000000000.gbff_genome
1353,LWX01_06470,cobU,Seep-SRB2_sp._1_(str._Meg22_1012_Bin_255),JAJSZR000000000.gbff_genome
1361,LWX51_14115,cobU,Seep-SRB2_sp._6_(str._Meg22_02_Bin_69),JAJSZT000000000.gbff_genome
1362,LWX08_12760,cobU,Seep-SRB2_sp._7_(str._ML8_D),JAJSZU000000000.gbff_genome
1363,LWX02_09580,cobU,Seep-SRB2_sp._8_(str._Meg19_1012_Bin_147),JAJSZV000000000.gbff_genome
1364,MBC2694148.1,cobU,Seep-SRB2_sp._8_(str._Meg22_1012_Bin_335),JAAXOL01.1.gbff_genome
1365,MBC2718459.1,cobU,Seep-SRB2_sp._8_(str._Meg22_1214_Bin_60),JABZFQ01.1.gbff_genome
1366,LWW98_05100,cobU,Seep-SRB2_sp._8_(str._Meg22_1416_Bin_56),JAJSZO000000000.gbff_genome
1367,LWW97_08350,cobU,Seep-SRB2_sp._8_(str._Meg22_1618_Bin_149),JAJSZP000000000.gbff_genome
1370,MBW2742343.1,cobU,JACNLL01_sp014381545,JAFCZG01.1.gbff_genome
1371,MBW1746097.1,cobU,JACNLL01_sp013202725,JAFDKW01.1.gbff_genome
1385,OEU60133.1,cobU,Seep-SRB1a_sp._5_(str._S7142MS3),MANV01.1.gbff_genome
1386,OEU55466.1,cobU,Seep-SRB1a_sp._5_(str._SM7059A),MAXM01.1.gbff_genome
1388,LWX55_13630,cobU,Seep-SRB1a_sp._8_(str._AB_03_Bin_172),JAJSZY000000000.gbff_genome
1395,PXF55978.1,cbiB,HotSeep1_E50,PQXD01.1.gbff_genome
1396,MBW2097998.1,cbiB,HotSeep1_FWG170,JAFDGK01.1.gbff_genome
1397,MBW1967418.1,cbiB,Dissulfurirhabdus_thermomarina_ASM1049943v1,JAFDIH01.1.gbff_genome
1398,MBW1947601.1,cbiB,Dissulfurirhabdus_thermomarina_ASM1297923v1,JAFDIM01.1.gbff_genome
1399,LWX01_06525,cbiB,UBA5754_sp002419025,JAJSZR000000000.gbff_genome
1401,PXF56415.1,cbiB,Seep-SRB2_sp._1_(str._Meg22_1012_Bin_255),PQXE01.1.gbff_genome
1402,RKX58335.1,cbiB,Seep-SRB2_sp._1_(str._Meg22_1214_Bin_80),QNAY01.1.gbff_genome
1403,MBW2163197.1,cbiB,Seep-SRB2_sp._1_(str._Meg22_1416_Bin_176),JAFDFS01.1.gbff_genome
1407,LWX51_14130,cbiB,Seep-SRB2_sp._4_(str._E20),JAJSZT000000000.gbff_genome
1408,LWX08_12780,cbiB,Seep-SRB2_sp._5_(str._003645605),JAJSZU000000000.gbff_genome
1409,LWX02_09600,cbiB,Seep-SRB2_sp._6_(str._Meg22_02_Bin_69),JAJSZV000000000.gbff_genome
1410,LWW97_10075,cbiB,Seep-SRB2_sp._7_(str._ML8_D),JAJSZP000000000.gbff_genome
1411,MBT9438871.1,cbiB,Seep-SRB2_sp._8_(str._Meg19_1012_Bin_147),JAABVG01.1.gbff_genome
1413,MBW2739340.1,cbiB,Seep-SRB2_sp._8_(str._Meg22_1214_Bin_60),JAFCZG01.1.gbff_genome
1427,OEU55468.1,cbiB,Seep-SRB1a_sp._3_(str._014237195),MAXM01.1.gbff_genome
1429,LWX55_13620,cbiB,Seep-SRB1a_sp._4_(str._FWG171),JAJSZY000000000.gbff_genome
1430,PXF53724.1,cbiC,Candidatus_Desulfofervidaceae_sp._1,PQXD01.1.gbff_genome
1431,MBW1965789.1,cbiC,Candidatus_Desulfofervidaceae_sp._2,JAFDIH01.1.gbff_genome
1432,LWW99_11480,cbiC,Desulfofervidales_sp._FWG156,JAJSZQ000000000.gbff_genome
1433,LWX01_06480,cbiC,HotSeep1,JAJSZR000000000.gbff_genome
1435,PXF58400.1,cbiC,HotSeep1_E37,PQXE01.1.gbff_genome
1436,PXF55223.1,cbiC,HotSeep1_E50,PQXE01.1.gbff_genome
1437,RKX62774.1,cbiC,HotSeep1_FWG170,QNAY01.1.gbff_genome
1438,MBW2163206.1,cbiC,Dissulfurirhabdus_thermomarina_ASM1049943v1,JAFDFS01.1.gbff_genome
1441,LWX51_13635,cbiC,Seep-SRB2_sp._1_(str._G37),JAJSZT000000000.gbff_genome
1442,LWX08_04840,cbiC,Seep-SRB2_sp._1_(str._Meg22_1012_Bin_255),JAJSZU000000000.gbff_genome
1443,LWX02_02160,cbiC,Seep-SRB2_sp._1_(str._Meg22_1214_Bin_80),JAJSZV000000000.gbff_genome
1444,LWW97_03970,cbiC,Seep-SRB2_sp._1_(str._Meg22_1416_Bin_176),JAJSZP000000000.gbff_genome
1445,MBW2164893.1,cbiC,Seep-SRB2_sp._2_(str._FWG173),JAFDFV01.1.gbff_genome
1446,MBW1833467.1,cbiC,Seep-SRB2_sp._2_(str._FWG174),JAFDJY01.1.gbff_genome
1447,MBW1745143.1,cbiC,Seep-SRB2_sp._3_(str._002367355),JAFDKW01.1.gbff_genome
1454,OEU59436.1,cbiC,Seep-SRB2_sp._8_(str._Meg22_1012_Bin_335),MANV01.1.gbff_genome
1455,OEU52233.1,cbiC,Seep-SRB2_sp._8_(str._Meg22_1214_Bin_60),MAXM01.1.gbff_genome
1457,LWX55_06250,cbiC,Seep-SRB2_sp._8_(str._Meg22_1618_Bin_149),JAJSZY000000000.gbff_genome
1458,MBT9448066.1,cbiC,Seep-SRB2_sp._8_(str._Meg22_46_Bin_87),JAABVH01.1.gbff_genome
1463,PXF57524.1,cbiD,HotSeep1_B50,PQXE01.1.gbff_genome
1464,RKX60297.1,cbiD,HotSeep1_E37,QNAY01.1.gbff_genome
1466,LWX51_13620,cbiD,HotSeep1_FWG170,JAJSZT000000000.gbff_genome
1467,LWX08_10245,cbiD,Dissulfurirhabdus_thermomarina_ASM1049943v1,JAJSZU000000000.gbff_genome
1469,MBW2164890.1,cbiD,UBA5754_sp002419025,JAFDFV01.1.gbff_genome
1470,MBW1833464.1,cbiD,Seep-SRB2_sp._1_(str._G37),JAFDJY01.1.gbff_genome
1476,LWX55_06260,cbiD,Seep-SRB2_sp._3_(str._002367355),JAJSZY000000000.gbff_genome
1480,PXF55896.1,cbiET,HotSeep1,PQXD01.1.gbff_genome
1481,MBW2098313.1,cbiET,HotSeep1_B50,JAFDGK01.1.gbff_genome
1482,MBW1965923.1,cbiET,HotSeep1_E37,JAFDIH01.1.gbff_genome
1483,MBW1947314.1,cbiET,HotSeep1_E50,JAFDIM01.1.gbff_genome
1484,LWW99_11490,cbiET,HotSeep1_FWG170,JAJSZQ000000000.gbff_genome
1485,LWX01_06490,cbiET,Dissulfurirhabdus_thermomarina_ASM1049943v1,JAJSZR000000000.gbff_genome
1487,PXF57523.1,cbiET,UBA5754_sp002419025,PQXE01.1.gbff_genome
1488,RKX60294.1,cbiET,Seep-SRB2_sp._1_(str._G37),QNAY01.1.gbff_genome
1489,RKX58663.1,cbiET,Seep-SRB2_sp._1_(str._Meg22_1012_Bin_255),QNAY01.1.gbff_genome
1490,MBW2163204.1,cbiET,Seep-SRB2_sp._1_(str._Meg22_1214_Bin_80),JAFDFS01.1.gbff_genome
1493,LWX51_13615,cbiET,Seep-SRB2_sp._2_(str._FWG174),JAJSZT000000000.gbff_genome
1494,LWX08_10250,cbiET,Seep-SRB2_sp._3_(str._002367355),JAJSZU000000000.gbff_genome
1495,LWX02_07345,cbiET,Seep-SRB2_sp._4_(str._E20),JAJSZV000000000.gbff_genome
1496,LWW97_03975,cbiET,Seep-SRB2_sp._5_(str._003645605),JAJSZP000000000.gbff_genome
1498,MBW2164889.1,cbiET,Seep-SRB2_sp._6_(str._Meg22_02_Bin_69),JAFDFV01.1.gbff_genome
1499,MBW1833463.1,cbiET,Seep-SRB2_sp._7_(str._ML8_D),JAFDJY01.1.gbff_genome
1500,MBW1745146.1,cbiET,Seep-SRB2_sp._8_(str._Meg19_1012_Bin_147),JAFDKW01.1.gbff_genome
1507,OEU59438.1,cbiET,JACNLL01_sp014381545,MANV01.1.gbff_genome
1508,OEU52227.1,cbiET,JACNLL01_sp013202725,MAXM01.1.gbff_genome
1510,LWX55_06265,cbiET,Eth-SRB1_sp019314185,JAJSZY000000000.gbff_genome
1511,MBT9448068.1,cbiET,Eth-SRB1_sp019313565,JAABVH01.1.gbff_genome
1515,PXF54153.1,cbiF,HotSeep1,PQXD01.1.gbff_genome
1516,MBW2097874.1,cbiF,HotSeep1_B50,JAFDGK01.1.gbff_genome
1517,MBW2098599.1,cbiF,HotSeep1_E37,JAFDGK01.1.gbff_genome
1518,MBW1965842.1,cbiF,HotSeep1_E50,JAFDIH01.1.gbff_genome
1519,MBW1966507.1,cbiF,HotSeep1_FWG170,JAFDIH01.1.gbff_genome
1520,MBW1946791.1,cbiF,Dissulfurirhabdus_thermomarina_ASM1049943v1,JAFDIM01.1.gbff_genome
1521,MBW1946381.1,cbiF,Dissulfurirhabdus_thermomarina_ASM1297923v1,JAFDIM01.1.gbff_genome
1522,LWX01_06495,cbiF,UBA5754_sp002419025,JAJSZR000000000.gbff_genome
1524,PXF53456.1,cbiF,Seep-SRB2_sp._1_(str._Meg22_1012_Bin_255),PQXE01.1.gbff_genome
1525,RKX61504.1,cbiF,Seep-SRB2_sp._1_(str._Meg22_1012_Bin_255),QNAY01.1.gbff_genome
1526,RKX58665.1,cbiF,Seep-SRB2_sp._1_(str._Meg22_1012_Bin_255),QNAY01.1.gbff_genome
1527,MBW2163203.1,cbiF,Seep-SRB2_sp._1_(str._Meg22_1012_Bin_255),JAFDFS01.1.gbff_genome
1531,MBW2164888.1,cbiF,Seep-SRB2_sp._2_(str._FWG174),JAFDFV01.1.gbff_genome
1532,MBW1833462.1,cbiF,Seep-SRB2_sp._2_(str._FWG174),JAFDJY01.1.gbff_genome
1533,MBW1745147.1,cbiF,Seep-SRB2_sp._3_(str._002367355),JAFDKW01.1.gbff_genome
1543,PXF54153.1,cbiG,Candidatus_Desulfofervidaceae_sp._2,PQXD01.1.gbff_genome
1544,MBW2097874.1,cbiG,Desulfofervidales_sp._FWG156,JAFDGK01.1.gbff_genome
1545,MBW1965842.1,cbiG,HotSeep1,JAFDIH01.1.gbff_genome
1546,MBW1946791.1,cbiG,HotSeep1_B50,JAFDIM01.1.gbff_genome
1547,LWX01_06500,cbiG,HotSeep1_E37,JAJSZR000000000.gbff_genome
1549,PXF53456.1,cbiG,HotSeep1_FWG170,PQXE01.1.gbff_genome
1550,RKX61504.1,cbiG,Dissulfurirhabdus_thermomarina_ASM1049943v1,QNAY01.1.gbff_genome
1551,MBW2163202.1,cbiG,Dissulfurirhabdus_thermomarina_ASM1297923v1,JAFDFS01.1.gbff_genome
1553,LWX51_13605,cbiG,Seep-SRB2_sp._1_(str._G37),JAJSZT000000000.gbff_genome
1554,LWX08_10260,cbiG,Seep-SRB2_sp._1_(str._Meg22_1012_Bin_255),JAJSZU000000000.gbff_genome
1555,LWX02_07355,cbiG,Seep-SRB2_sp._1_(str._Meg22_1214_Bin_80),JAJSZV000000000.gbff_genome
1556,LWW97_04005,cbiG,Seep-SRB2_sp._1_(str._Meg22_1416_Bin_176),JAJSZP000000000.gbff_genome
1558,MBW2164888.1,cbiG,Seep-SRB2_sp._2_(str._FWG174),JAFDFV01.1.gbff_genome
1559,MBW1833462.1,cbiG,Seep-SRB2_sp._3_(str._002367355),JAFDJY01.1.gbff_genome
1560,MBW1745147.1,cbiG,Seep-SRB2_sp._4_(str._E20),JAFDKW01.1.gbff_genome
1569,OEU52232.1,cbiG,Seep-SRB2_sp._8_(str._Meg22_46_Bin_87),MAXM01.1.gbff_genome
1571,LWX55_06275,cbiG,JACNLL01_sp014381545,JAJSZY000000000.gbff_genome
1578,PXF54305.1,cbiH,HotSeep1_E50,PQXD01.1.gbff_genome
1579,PXF54567.1,cbiH,HotSeep1_FWG170,PQXD01.1.gbff_genome
1580,MBW2098300.1,cbiH,Dissulfurirhabdus_thermomarina_ASM1049943v1,JAFDGK01.1.gbff_genome
1581,MBW2098822.1,cbiH,Dissulfurirhabdus_thermomarina_ASM1049943v1,JAFDGK01.1.gbff_genome
1582,MBW1966830.1,cbiH,Dissulfurirhabdus_thermomarina_ASM1049943v1,JAFDIH01.1.gbff_genome
1583,MBW1966757.1,cbiH,Dissulfurirhabdus_thermomarina_ASM1049943v1,JAFDIH01.1.gbff_genome
1584,MBW1947258.1,cbiH,Dissulfurirhabdus_thermomarina_ASM1049943v1,JAFDIM01.1.gbff_genome
1585,LWW99_11465,cbiH,Dissulfurirhabdus_thermomarina_ASM1049943v1,JAJSZQ000000000.gbff_genome
1586,LWX01_06465,cbiH,Dissulfurirhabdus_thermomarina_ASM1049943v1,JAJSZR000000000.gbff_genome
1587,LWX01_06505,cbiH,Dissulfurirhabdus_thermomarina_ASM1297923v1,JAJSZR000000000.gbff_genome
1590,PXF58400.1,cbiH,UBA5754_sp002419025,PQXE01.1.gbff_genome
1591,PXF57921.1,cbiH,UBA5754_sp002419025,PQXE01.1.gbff_genome
1592,PXF56416.1,cbiH,UBA5754_sp002419025,PQXE01.1.gbff_genome
1593,RKX58336.1,cbiH,UBA5754_sp002419025,QNAY01.1.gbff_genome
1594,MBW2163201.1,cbiH,Seep-SRB2_sp._1_(str._G37),JAFDFS01.1.gbff_genome
1595,MBW2164521.1,cbiH,Seep-SRB2_sp._1_(str._Meg22_1012_Bin_255),JAFDFS01.1.gbff_genome
1599,LWX51_13600,cbiH,Seep-SRB2_sp._2_(str._FWG174),JAJSZT000000000.gbff_genome
1600,LWX08_10265,cbiH,Seep-SRB2_sp._3_(str._002367355),JAJSZU000000000.gbff_genome
1601,LWX02_07360,cbiH,Seep-SRB2_sp._4_(str._E20),JAJSZV000000000.gbff_genome
1602,LWW97_11235,cbiH,Seep-SRB2_sp._5_(str._003645605),JAJSZP000000000.gbff_genome
1603,LWW97_04010,cbiH,Seep-SRB2_sp._6_(str._Meg22_02_Bin_69),JAJSZP000000000.gbff_genome
1605,MBW2164887.1,cbiH,Seep-SRB2_sp._6_(str._Meg22_02_Bin_69),JAFDFV01.1.gbff_genome
1606,MBW1833461.1,cbiH,Seep-SRB2_sp._7_(str._ML8_D),JAFDJY01.1.gbff_genome
1607,MBW1745148.1,cbiH,Seep-SRB2_sp._8_(str._Meg19_1012_Bin_147),JAFDKW01.1.gbff_genome
1627,OEU55471.1,cbiH,Seep-SRB1a_sp._3_(str._014237195),MAXM01.1.gbff_genome
1628,OEU52226.1,cbiH,Seep-SRB1a_sp._3_(str._014237195),MAXM01.1.gbff_genome
1631,LWX55_13635,cbiH,Seep-SRB1a_sp._3_(str._014237195),JAJSZY000000000.gbff_genome
1632,LWX55_06280,cbiH,Seep-SRB1a_sp._3_(str._014237195),JAJSZY000000000.gbff_genome
1636,PXF55105.1,cbiL,HotSeep1,PQXD01.1.gbff_genome
1637,MBW1967630.1,cbiL,HotSeep1_B50,JAFDIH01.1.gbff_genome
1638,LWX01_12665,cbiL,HotSeep1_E37,JAJSZR000000000.gbff_genome
1640,PXF58401.1,cbiL,HotSeep1_FWG170,PQXE01.1.gbff_genome
1641,RKX58922.1,cbiL,Dissulfurirhabdus_thermomarina_ASM1049943v1,QNAY01.1.gbff_genome
1642,MBW2164119.1,cbiL,Dissulfurirhabdus_thermomarina_ASM1297923v1,JAFDFS01.1.gbff_genome
1645,LWX51_13630,cbiL,Seep-SRB2_sp._1_(str._Meg22_1012_Bin_255),JAJSZT000000000.gbff_genome
1646,LWX08_10235,cbiL,Seep-SRB2_sp._1_(str._Meg22_1214_Bin_80),JAJSZU000000000.gbff_genome
1647,LWX02_07330,cbiL,Seep-SRB2_sp._1_(str._Meg22_1416_Bin_176),JAJSZV000000000.gbff_genome
1648,MBW2164892.1,cbiL,Seep-SRB2_sp._2_(str._FWG173),JAFDFV01.1.gbff_genome
1649,MBW1833466.1,cbiL,Seep-SRB2_sp._2_(str._FWG174),JAFDJY01.1.gbff_genome
1650,MBW1745144.1,cbiL,Seep-SRB2_sp._3_(str._002367355),JAFDKW01.1.gbff_genome
1660,OEU59437.1,cbiL,Seep-SRB2_sp._8_(str._Meg22_46_Bin_87),MANV01.1.gbff_genome
1661,OEU52228.1,cbiL,Seep-SRB2_sp._8_(str._Meg22_810_Bin_10),MAXM01.1.gbff_genome
1663,LWX55_06255,cbiL,JACNLL01_sp013202725,JAJSZY000000000.gbff_genome
1664,MBT9448067.1,cbiL,Eth-SRB1_sp004193555,JAABVH01.1.gbff_genome
1668,PXF54305.1,cbiP,HotSeep1,PQXD01.1.gbff_genome
1669,MBW2098300.1,cbiP,HotSeep1_B50,JAFDGK01.1.gbff_genome
1670,MBW1966830.1,cbiP,HotSeep1_E37,JAFDIH01.1.gbff_genome
1671,LWW99_11465,cbiP,HotSeep1_E50,JAJSZQ000000000.gbff_genome
1672,LWX01_06465,cbiP,HotSeep1_FWG170,JAJSZR000000000.gbff_genome
1674,PXF58400.1,cbiP,Dissulfurirhabdus_thermomarina_ASM1297923v1,PQXE01.1.gbff_genome
1675,PXF56416.1,cbiP,UBA5754_sp002419025,PQXE01.1.gbff_genome
1676,RKX58336.1,cbiP,Seep-SRB2_sp._1_(str._G37),QNAY01.1.gbff_genome
1677,MBW2164521.1,cbiP,Seep-SRB2_sp._1_(str._Meg22_1012_Bin_255),JAFDFS01.1.gbff_genome
1679,LWW97_11235,cbiP,Seep-SRB2_sp._1_(str._Meg22_1416_Bin_176),JAJSZP000000000.gbff_genome
1688,OEU55471.1,cbiP,Seep-SRB2_sp._8_(str._Meg19_1012_Bin_147),MAXM01.1.gbff_genome
1690,LWX55_13635,cbiP,Seep-SRB2_sp._8_(str._Meg22_1214_Bin_60),JAJSZY000000000.gbff_genome
1703,PXF54414.1,bzaA,UBA5754_sp002419025,PQXD01.1.gbff_genome
1704,MBW1967731.1,bzaA,Seep-SRB2_sp._1_(str._G37),JAFDIH01.1.gbff_genome
1705,LWW99_06060,bzaA,Seep-SRB2_sp._1_(str._Meg22_1012_Bin_255),JAJSZQ000000000.gbff_genome
1706,LWX01_10475,bzaA,Seep-SRB2_sp._1_(str._Meg22_1214_Bin_80),JAJSZR000000000.gbff_genome
1708,PXF60329.1,bzaA,Seep-SRB2_sp._2_(str._FWG173),PQXE01.1.gbff_genome
1709,RKX62499.1,bzaA,Seep-SRB2_sp._2_(str._FWG174),QNAY01.1.gbff_genome
1710,MBW2163220.1,bzaA,Seep-SRB2_sp._3_(str._002367355),JAFDFS01.1.gbff_genome
1712,MBW2080481.1,bzaA,Seep-SRB2_sp._5_(str._003645605),JAFDGV01.1.gbff_genome
1713,MBW1963837.1,bzaA,Seep-SRB2_sp._6_(str._Meg22_02_Bin_69),JAFDIE01.1.gbff_genome
1714,MBW1931769.1,bzaA,Seep-SRB2_sp._7_(str._ML8_D),JAFDIO01.1.gbff_genome
1715,MBW1937222.1,bzaA,Seep-SRB2_sp._8_(str._Meg19_1012_Bin_147),JAFDIR01.1.gbff_genome
1716,MBW1670292.1,bzaA,Seep-SRB2_sp._8_(str._Meg22_1012_Bin_335),JAFDLI01.1.gbff_genome
1717,MBW1718046.1,bzaA,Seep-SRB2_sp._8_(str._Meg22_1214_Bin_60),JAFDLJ01.1.gbff_genome
1726,LWX51_04940,bzaA,Eth-SRB1_sp004193555,JAJSZT000000000.gbff_genome
1727,LWX08_15360,bzaA,Eth-SRB1_sp019314185,JAJSZU000000000.gbff_genome
1728,LWX02_12845,bzaA,Eth-SRB1_sp019313565,JAJSZV000000000.gbff_genome
1729,LWW98_03925,bzaA,Seep-SRB1a_sp._1_(str._013792055),JAJSZO000000000.gbff_genome
1730,LWW97_11175,bzaA,Seep-SRB1a_sp._2_(str._CR9063A),JAJSZP000000000.gbff_genome
1732,MBT9438239.1,bzaA,Seep-SRB1a_sp._2_(str._CR9063C),JAABVG01.1.gbff_genome
1733,LWX54_03725,bzaA,Seep-SRB1a_sp._3_(str._014237195),JAJSZW000000000.gbff_genome
1734,MBW2165967.1,bzaA,Seep-SRB1a_sp._3_(str._014237365),JAFDFV01.1.gbff_genome
1735,MBW1746831.1,bzaA,Seep-SRB1a_sp._4_(str._FWG171),JAFDKW01.1.gbff_genome
1741,OEU59842.1,bzaA,Seep-SRB1a_sp._6_(str._003647525),MANV01.1.gbff_genome
1742,OEU53702.1,bzaA,Seep-SRB1a_sp._8_(str._AB_03_Bin_172),MAXM01.1.gbff_genome
1744,LWX55_00400,bzaA,Seep-SRB1a_sp._9_(str._Meg22_24_Bin_68),JAJSZY000000000.gbff_genome
1757,PXF54414.1,bzaB,UBA5754_sp002419025,PQXD01.1.gbff_genome
1758,MBW1967731.1,bzaB,Seep-SRB2_sp._1_(str._G37),JAFDIH01.1.gbff_genome
1759,LWW99_06060,bzaB,Seep-SRB2_sp._1_(str._Meg22_1012_Bin_255),JAJSZQ000000000.gbff_genome
1760,LWX01_10475,bzaB,Seep-SRB2_sp._1_(str._Meg22_1214_Bin_80),JAJSZR000000000.gbff_genome
1762,PXF60329.1,bzaB,Seep-SRB2_sp._2_(str._FWG173),PQXE01.1.gbff_genome
1763,RKX62499.1,bzaB,Seep-SRB2_sp._2_(str._FWG174),QNAY01.1.gbff_genome
1764,MBW2163220.1,bzaB,Seep-SRB2_sp._3_(str._002367355),JAFDFS01.1.gbff_genome
1766,MBW2080481.1,bzaB,Seep-SRB2_sp._5_(str._003645605),JAFDGV01.1.gbff_genome
1767,MBW1963837.1,bzaB,Seep-SRB2_sp._6_(str._Meg22_02_Bin_69),JAFDIE01.1.gbff_genome
1768,MBW1931769.1,bzaB,Seep-SRB2_sp._7_(str._ML8_D),JAFDIO01.1.gbff_genome
1769,MBW1937222.1,bzaB,Seep-SRB2_sp._8_(str._Meg19_1012_Bin_147),JAFDIR01.1.gbff_genome
1770,MBW1670292.1,bzaB,Seep-SRB2_sp._8_(str._Meg22_1012_Bin_335),JAFDLI01.1.gbff_genome
1771,MBW1718046.1,bzaB,Seep-SRB2_sp._8_(str._Meg22_1214_Bin_60),JAFDLJ01.1.gbff_genome
1779,LWX51_04940,bzaB,Eth-SRB1_sp004193555,JAJSZT000000000.gbff_genome
1780,LWX08_15360,bzaB,Eth-SRB1_sp019314185,JAJSZU000000000.gbff_genome
1781,LWX02_12845,bzaB,Eth-SRB1_sp019313565,JAJSZV000000000.gbff_genome
1782,LWW98_03925,bzaB,Seep-SRB1a_sp._1_(str._013792055),JAJSZO000000000.gbff_genome
1783,LWW97_11175,bzaB,Seep-SRB1a_sp._2_(str._CR9063A),JAJSZP000000000.gbff_genome
1785,MBT9438239.1,bzaB,Seep-SRB1a_sp._2_(str._CR9063C),JAABVG01.1.gbff_genome
1786,LWX54_03725,bzaB,Seep-SRB1a_sp._3_(str._014237195),JAJSZW000000000.gbff_genome
1787,MBW2165967.1,bzaB,Seep-SRB1a_sp._3_(str._014237365),JAFDFV01.1.gbff_genome
1788,MBW1746831.1,bzaB,Seep-SRB1a_sp._4_(str._FWG171),JAFDKW01.1.gbff_genome
1794,OEU59842.1,bzaB,Seep-SRB1a_sp._6_(str._003647525),MANV01.1.gbff_genome
1795,OEU53702.1,bzaB,Seep-SRB1a_sp._8_(str._AB_03_Bin_172),MAXM01.1.gbff_genome
1797,LWX55_00400,bzaB,Seep-SRB1a_sp._9_(str._Meg22_24_Bin_68),JAJSZY000000000.gbff_genome
1799,MBT9438383.1,bzaC,Candidatus_Desulfofervidaceae_sp._2,JAABVG01.1.gbff_genome
1800,MBW2166647.1,bzaC,Desulfofervidales_sp._FWG156,JAFDFV01.1.gbff_genome
1801,MBW1834752.1,bzaC,HotSeep1,JAFDJY01.1.gbff_genome
1805,MBW2098733.1,bzaD,Desulfofervidales_sp._FWG156,JAFDGK01.1.gbff_genome
1806,MBW1967438.1,bzaD,HotSeep1,JAFDIH01.1.gbff_genome
1807,LWW99_01460,bzaD,HotSeep1_B50,JAJSZQ000000000.gbff_genome
1808,LWX01_01515,bzaD,HotSeep1_E37,JAJSZR000000000.gbff_genome
1810,PXF58503.1,bzaD,HotSeep1_FWG170,PQXE01.1.gbff_genome
1811,RKX62213.1,bzaD,Dissulfurirhabdus_thermomarina_ASM1049943v1,QNAY01.1.gbff_genome
1812,OPL13395.1,bzaD,Dissulfurirhabdus_thermomarina_ASM1297923v1,LQBF01.1.gbff_genome
1817,MBC2695567.1,bzaD,Seep-SRB2_sp._1_(str._Meg22_1416_Bin_176),JAAXOL01.1.gbff_genome
1818,MBC2719880.1,bzaD,Seep-SRB2_sp._2_(str._FWG173),JABZFQ01.1.gbff_genome
1819,LWW98_03115,bzaD,Seep-SRB2_sp._2_(str._FWG174),JAJSZO000000000.gbff_genome
1820,LWW97_00450,bzaD,Seep-SRB2_sp._3_(str._002367355),JAJSZP000000000.gbff_genome
1823,MBW2738169.1,bzaD,Seep-SRB2_sp._6_(str._Meg22_02_Bin_69),JAFCZG01.1.gbff_genome
1824,MBW2739483.1,bzaD,Seep-SRB2_sp._7_(str._ML8_D),JAFCZG01.1.gbff_genome
1830,LWX51_14770,bzaE,Candidatus_Desulfofervidaceae_sp._1,JAJSZT000000000.gbff_genome
1831,LWX54_08880,bzaE,Candidatus_Desulfofervidaceae_sp._2,JAJSZW000000000.gbff_genome
1845,RLC24919.1,hmlB,B13-G4_sp003647525,QMMZ01.1.gbff_genome
1847,RLC24918.1,hmlB,B13-G4_sp003647525,QMMZ01.1.gbff_genome
1848,DRH21_04765,hmlB,B13-G4_sp003647525,QMMZ01.1.gbff_genome
1849,RLC24917.1,hmlB,B13-G4_sp003647525,QMMZ01.1.gbff_genome
1850,DRH21_04760,hmlB,B13-G4_sp003647525,QMMZ01.1.gbff_genome
1851,RLC24916.1,hmlB,B13-G4_sp003647525,QMMZ01.1.gbff_genome
1852,DRH21_04755,hmlB,B13-G4_sp003647525,QMMZ01.1.gbff_genome
1854,MBC2718706.1,hmlA,B13-G4_sp014237365b,JABZFQ01.1.gbff_genome
1855,HGJ96_03770,hmlA,B13-G4_sp014237365b,JABZFQ01.1.gbff_genome
1856,MBC2718705.1,hmlA,B13-G4_sp014237365b,JABZFQ01.1.gbff_genome
1857,HGJ96_03765,hmlB,B13-G4_sp014237365b,JABZFQ01.1.gbff_genome
1858,MBC2718704.1,hmlB,B13-G4_sp014237365b,JABZFQ01.1.gbff_genome
1859,MBC2718699.1,omb,B13-G4_sp014237365b,JABZFQ01.1.gbff_genome
1860,MBC2694396.1,hmlA,B13-G4_sp014237365a,JAAXOL01.1.gbff_genome
1861,HF982_03785,hmlA,B13-G4_sp014237365a,JAAXOL01.1.gbff_genome
1862,MBC2694395.1,hmlA,B13-G4_sp014237365a,JAAXOL01.1.gbff_genome
1863,HF982_03780,hmlB,B13-G4_sp014237365a,JAAXOL01.1.gbff_genome
1864,MBC2694394.1,hmlB,B13-G4_sp014237365a,JAAXOL01.1.gbff_genome
1865,MBC2694393.1,hmlB,B13-G4_sp014237365a,JAAXOL01.1.gbff_genome
1866,HF982_03770,hmlB,B13-G4_sp014237365a,JAAXOL01.1.gbff_genome
1867,MBC2694392.1,hmlB,B13-G4_sp014237365a,JAAXOL01.1.gbff_genome
1868,MBC2694389.1,ombseep1a,B13-G4_sp014237365a,JAAXOL01.1.gbff_genome
1882,MBW1745006.1,cyt c,Seep-SRB1a_sp._Meg22_46_Bin_236,JAFDKW01.1.gbff_genome
1883,MBW2737295.1,hmlB,Seep-SRB1a_sp._AB_03_Bin_172,JAFCZG01.1.gbff_genome
1884,MBW2737298.1,cyt c,Seep-SRB1a_sp._AB_03_Bin_172,JAFCZG01.1.gbff_genome
1885,MBW2737302.1,omb,Seep-SRB1a_sp._AB_03_Bin_172,JAFCZG01.1.gbff_genome
1886,MBW2737303.1,b-propeller,Seep-SRB1a_sp._AB_03_Bin_172,JAFCZG01.1.gbff_genome
1940,PXF57838.1,omcX,Seep-SRB2_E20_sp003194495,PQXE01.1.gbff_genome
1941,PXF57837.1,extA,Seep-SRB2_E20_sp003194495,PQXE01.1.gbff_genome
1942,PXF57835.1,omb,Seep-SRB2_E20_sp003194495,PQXE01.1.gbff_genome
1943,PXF57830.1,hmlB,Seep-SRB2_E20_sp003194495,PQXE01.1.gbff_genome
1944,PXF57829.1,hmlA,Seep-SRB2_E20_sp003194495,PQXE01.1.gbff_genome
1945,PXF54100.1,extA,Seep-SRB2_G37_sp003194485,PQXD01.1.gbff_genome
1946,PXF54096.1,omb,Seep-SRB2_G37_sp003194485,PQXD01.1.gbff_genome
1947,PXF54088.1,hmlB,Seep-SRB2_G37_sp003194485,PQXD01.1.gbff_genome
1948,PXF54087.1,hmlA,Seep-SRB2_G37_sp003194485,PQXD01.1.gbff_genome
1954,PXF54100.1,omcX1,Seep-SRB2_G37_sp003194485,PQXD01.1.gbff_genome
1955,PXF54096.1,omb,Seep-SRB2_G37_sp003194485,PQXD01.1.gbff_genome
1956,PXF54088.1,hmlB,Seep-SRB2_G37_sp003194485,PQXD01.1.gbff_genome
1957,PXF54087.1,hmlA,Seep-SRB2_G37_sp003194485,PQXD01.1.gbff_genome
1958,MBW1966869.1,omcX,Seep-SRB2 sp. Meg22_1214_Bin_80,JAFDIH01.1.gbff_genome
1959,MBW1966868.1,omcX1,Seep-SRB2 sp. Meg22_1214_Bin_80,JAFDIH01.1.gbff_genome
1960,MBW1966867.1,omcX1,Seep-SRB2 sp. Meg22_1214_Bin_80,JAFDIH01.1.gbff_genome
1961,MBW1966863.1,omb,Seep-SRB2 sp. Meg22_1214_Bin_80,JAFDIH01.1.gbff_genome
1985,OEU57524.1,omcX,Seep-SRB1g_sp001751015_a_DIET_cluster.txt,MANV01.1.gbff_genome
1986,OEU57523.1,extA,Seep-SRB1g_sp001751015_a_DIET_cluster.txt,MANV01.1.gbff_genome
1987,OEU57520.1,omb,Seep-SRB1g_sp001751015_a_DIET_cluster.txt,MANV01.1.gbff_genome
1988,OEU57517.1,omc,Seep-SRB1g_sp001751015_a_DIET_cluster.txt,MANV01.1.gbff_genome
1989,OEU57513.1,hmlB,Seep-SRB1g_sp001751015_a_DIET_cluster.txt,MANV01.1.gbff_genome
1990,OEU57512.1,hmlA,Seep-SRB1g_sp001751015_a_DIET_cluster.txt,MANV01.1.gbff_genome
