,GeneID,Function,OrganismID
0,OEU67172.1,HmcA,Desulfobacterales_sp._PC51MH44
1,2512526948,HmcA,Desulfobacterales_sp._S5133MH16
2,2502442176,HmcA,Desulfosarcina_sp._BuS5
3,2524232589,HmcA,Desulfococcus_biacutus_KMRActS
4,2524511883,HmcA,Desulfonema_limicola_Jadebusen_DSM_2076
5,2523439073,HmcA,Desulfosarcina_variabilis_Montpellier
6,2503698079,HmcA,Desulfatirhabdium_butyrativorans_DSM_18734
7,2541189014,HmcA,Desulfobacter_postgatei_2ac9
8,2646273964,HmcA,Desulfobacula_toluolica_Tol2
9,2595078332,HmcA,Desulforegula_conservatrix_Mb1Pa_DSM_13527
10,2524273893,HmcA,Desulfococcus_oleovorans_Hxd3
11,OEU65005.1,HmcC,Desulfobacterales_sp._PC51MH44
12,OEU67173.1,HmcC,Desulfobacterales_sp._S5133MH16
13,2512526946,HmcC,Desulfobacterales_sp._S5133MH16
14,2502442174,HmcC,Desulfosarcina_sp._BuS5
15,2524232591,HmcC,Desulfococcus_biacutus_KMRActS
16,2524511881,HmcC,Desulfonema_limicola_Jadebusen_DSM_2076
17,2523439071,HmcC,Desulfosarcina_variabilis_Montpellier
18,2503698081,HmcC,Desulfatirhabdium_butyrativorans_DSM_18734
19,2541189012,HmcC,Desulfobacter_postgatei_2ac9
20,2646273962,HmcC,Desulfobacula_toluolica_Tol2
21,2595078330,HmcC,Desulforegula_conservatrix_Mb1Pa_DSM_13527
22,2524273891,HmcC,Desulfococcus_oleovorans_Hxd3
23,OEU65006.1,HmcE,Desulfobacterales_sp._PC51MH44
24,OEU67174.1,HmcE,Desulfobacterales_sp._S5133MH16
25,2512526944,HmcE,Desulfobacterales_sp._S5133MH16
26,2502442171,HmcE,Desulfosarcina_sp._BuS5
27,2524232693,HmcE,Desulfococcus_biacutus_KMRActS
28,2524511879,HmcE,Desulfonema_limicola_Jadebusen_DSM_2076
29,2523439069,HmcE,Desulfosarcina_variabilis_Montpellier
30,2503698083,HmcE,Desulfatirhabdium_butyrativorans_DSM_18734
31,2541189010,HmcE,Desulfobacter_postgatei_2ac9
32,2646273960,HmcE,Desulfobacula_toluolica_Tol2
33,OEU44649.1,HmcE,Desulforegula_conservatrix_Mb1Pa_DSM_13527
34,OEU65007.1,HmcF,Desulfobacterales_sp._PC51MH44
35,OEU67175.1,HmcF,Desulfobacterales_sp._S5133MH16
36,2512526943,HmcF,Desulfobacterales_sp._S5133MH16
37,2502442170,HmcF,Desulfosarcina_sp._BuS5
38,2524232694,HmcF,Desulfococcus_biacutus_KMRActS
39,2524511878,HmcF,Desulfonema_limicola_Jadebusen_DSM_2076
40,2523439068,HmcF,Desulfosarcina_variabilis_Montpellier
41,2503698084,HmcF,Desulfatirhabdium_butyrativorans_DSM_18734
42,2541189009,HmcF,Desulfobacter_postgatei_2ac9
43,2646273959,HmcF,Desulfobacula_toluolica_Tol2
44,OEU44650.1,HmcF,Desulforegula_conservatrix_Mb1Pa_DSM_13527
45,OEU63921.1,TmcA,Desulfobacterales_sp._PC51MH44
46,2512526955,TmcA,Desulfobacterales_sp._S5133MH16
47,2502446827,TmcA,Desulfosarcina_sp._BuS5
48,2502441046,TmcA,Desulfococcus_biacutus_KMRActS
49,2524232697,TmcA,Desulfonema_limicola_Jadebusen_DSM_2076
50,2524510082,TmcA,Desulfosarcina_variabilis_Montpellier
51,2503696114,TmcA,Desulfatirhabdium_butyrativorans_DSM_18734
52,2541188576,TmcA,Desulfobacter_postgatei_2ac9
53,2541189290,TmcA,Desulfobacula_toluolica_Tol2
54,2646273699,TmcA,Desulforegula_conservatrix_Mb1Pa_DSM_13527
55,2595078289,TmcA,Desulfococcus_oleovorans_Hxd3
56,2595078313,TmcA,Desulfatibacillum_aliphaticivorans_DSM_15576_
57,2524273894,TmcA,Desulfatibacillum_alkenivorans_DSM_16219
58,AMM41048.1,TmcA,Desulfobacterium_anilini_DSM_4660
59,CAD7776331.1,TmcA,Desulfobacca_acetoxidans_ASRB2_DSM_11109
60,CAD7777601.1,TmcA,Desulfocapsa_sulfexigens_DSM_10523
61,Ga0402057_bin2_2568,TmcA,Desulfobulbus_propionicus_1pr3_DSM_2032
62,OEU63922.1,TmcB,Desulfobacterales_sp._PC51MH44
63,2512526956,TmcB,Desulfobacterales_sp._S5133MH16
64,2502446826,TmcB,Desulfosarcina_sp._BuS5
65,2502441047,TmcB,Desulfococcus_biacutus_KMRActS
66,2524232698,TmcB,Desulfonema_limicola_Jadebusen_DSM_2076
67,2524510081,TmcB,Desulfosarcina_variabilis_Montpellier
68,2503696113,TmcB,Desulfatirhabdium_butyrativorans_DSM_18734
69,2646273700,TmcB,Desulfobacter_postgatei_2ac9
70,OEU55939.1,TmcB,Desulfobacula_toluolica_Tol2
71,Ga0123269_10246,TmcB,Desulforegula_conservatrix_Mb1Pa_DSM_13527
72,AMM41049.1,TmcB,Desulfococcus_oleovorans_Hxd3
73,CAD7776337.1,TmcB,Desulfatibacillum_aliphaticivorans_DSM_15576_
74,CAD7777605.1,TmcB,Desulfatibacillum_alkenivorans_DSM_16219
75,Ga0402010_bin2_329,TmcB,Desulfobacterium_anilini_DSM_4660
76,Ga0402030_bin2_572,TmcB,Desulfobacca_acetoxidans_ASRB2_DSM_11109
77,Ga0402057_bin2_2567,TmcB,Desulfocapsa_sulfexigens_DSM_10523
78,Ga0402054_bin3_415,TmcB,Desulfobulbus_propionicus_1pr3_DSM_2032
79,Ga0402080_bin2_1223,TmcB,Desulfobulbus_elongatus_DSM_2908
80,OEU63923.1,TmcC,Desulfobacterales_sp._PC51MH44
81,2512526957,TmcC,Desulfobacterales_sp._S5133MH16
82,2502446825,TmcC,Desulfosarcina_sp._BuS5
83,2502441048,TmcC,Desulfococcus_biacutus_KMRActS
84,2524232699,TmcC,Desulfonema_limicola_Jadebusen_DSM_2076
85,2524510080,TmcC,Desulfosarcina_variabilis_Montpellier
86,2503696112,TmcC,Desulfatirhabdium_butyrativorans_DSM_18734
87,2541188574,TmcC,Desulfobacter_postgatei_2ac9
88,2541189288,TmcC,Desulfobacula_toluolica_Tol2
89,2646273701,TmcC,Desulforegula_conservatrix_Mb1Pa_DSM_13527
90,2595078291,TmcC,Desulfococcus_oleovorans_Hxd3
91,2595078311,TmcC,Desulfatibacillum_aliphaticivorans_DSM_15576_
92,2524273896,TmcC,Desulfatibacillum_alkenivorans_DSM_16219
93,OEU44478.1,TmcC,Desulfobacterium_anilini_DSM_4660
94,OEU57700.1,TmcC,Desulfobacca_acetoxidans_ASRB2_DSM_11109
95,OEU55938.1,TmcC,Desulfocapsa_sulfexigens_DSM_10523
96,Ga0123269_10245,TmcC,Desulfobulbus_propionicus_1pr3_DSM_2032
97,AMM41050.1,TmcC,Desulfobulbus_elongatus_DSM_2908
98,CAD7776343.1,TmcC,Desulfobulbus_mediterraneus_DSM_13871
99,CAD7777609.1,TmcC,Desulfocurvus_vexinensis_DSM_17965
100,Ga0402010_bin2_330,TmcC,Desulfocurvus_vexinensis_DSM_17965
101,Ga0402030_bin2_573,TmcC,Desulfovibrio_vulgaris_RCH1
102,Ga0402057_bin2_2566,TmcC,Desulfovibrio_vulgaris_RCH1
103,Ga0402054_bin3_416,TmcC,Desulfonatronum_thioautotrophicum_ASO4_1
104,Ga0402080_bin2_1224,TmcC,Desulfomicrobium_escambiense_DSM_10707
105,OEU63924.1,TmcD,Desulfobacterales_sp._PC51MH44
106,2512526958,TmcD,Desulfobacterales_sp._S5133MH16
107,2502446824,TmcD,Desulfosarcina_sp._BuS5
108,2502441049,TmcD,Desulfococcus_biacutus_KMRActS
109,2524232700,TmcD,Desulfonema_limicola_Jadebusen_DSM_2076
110,2524510079,TmcD,Desulfosarcina_variabilis_Montpellier
111,2503696111,TmcD,Desulfatirhabdium_butyrativorans_DSM_18734
112,2646273702,TmcD,Desulfobacter_postgatei_2ac9
113,OEU44477.1,TmcD,Desulfobacula_toluolica_Tol2
114,OEU57699.1,TmcD,Desulforegula_conservatrix_Mb1Pa_DSM_13527
115,OEU55937.1,TmcD,Desulfococcus_oleovorans_Hxd3
116,Ga0123269_10244,TmcD,Desulfatibacillum_aliphaticivorans_DSM_15576_
117,AMM41051.1,TmcD,Desulfatibacillum_alkenivorans_DSM_16219
118,CAD7776349.1,TmcD,Desulfobacterium_anilini_DSM_4660
119,CAD7777621.1,TmcD,Desulfobacca_acetoxidans_ASRB2_DSM_11109
120,Ga0402010_bin2_331,TmcD,Desulfocapsa_sulfexigens_DSM_10523
121,Ga0402030_bin2_574,TmcD,Desulfobulbus_propionicus_1pr3_DSM_2032
122,Ga0402057_bin2_2565,TmcD,Desulfobulbus_elongatus_DSM_2908
123,Ga0402054_bin3_417,TmcD,Desulfobulbus_mediterraneus_DSM_13871
124,Ga0402080_bin2_1225,TmcD,Desulfocurvus_vexinensis_DSM_17965
125,2512528126,OhcA,Desulfobacterales_sp._PC51MH44
126,2502445609,OhcA,Desulfobacterales_sp._S5133MH16
127,2502439774,OhcA,Desulfosarcina_sp._BuS5
128,2524233090,OhcA,Desulfococcus_biacutus_KMRActS
129,2508602329,OhcA,Desulfonema_limicola_Jadebusen_DSM_2076
130,2524509933,OhcA,Desulfosarcina_variabilis_Montpellier
131,2503698843,OhcA,Desulfatirhabdium_butyrativorans_DSM_18734
132,2523113869,OhcA,Desulfobacter_postgatei_2ac9
133,2523114660,OhcA,Desulfobacula_toluolica_Tol2
134,2588102372,OhcA,Desulforegula_conservatrix_Mb1Pa_DSM_13527
135,2588101452,OhcA,Desulfococcus_oleovorans_Hxd3
136,2527181462,OhcA,Desulfatibacillum_aliphaticivorans_DSM_15576_
137,2562336282,OhcA,Desulfatibacillum_aliphaticivorans_DSM_15576_
138,2541189167,OhcA,Desulfatibacillum_aliphaticivorans_DSM_15576_
139,2646276432,OhcA,Desulfatibacillum_alkenivorans_DSM_16219
140,1.12e-106,OhcA,Desulfobacterium_anilini_DSM_4660
141,OEU45386.1,OhcA,Desulfobacca_acetoxidans_ASRB2_DSM_11109
142,2512528127,OhcC,Desulfobacterales_sp._PC51MH44
143,2502445610,OhcC,Desulfobacterales_sp._S5133MH16
144,2502439773,OhcC,Desulfosarcina_sp._BuS5
145,2524233089,OhcC,Desulfococcus_biacutus_KMRActS
146,2508602330,OhcC,Desulfonema_limicola_Jadebusen_DSM_2076
147,2524509932,OhcC,Desulfosarcina_variabilis_Montpellier
148,2503698844,OhcC,Desulfatirhabdium_butyrativorans_DSM_18734
149,2523113870,OhcC,Desulfobacter_postgatei_2ac9
150,2588102371,OhcC,Desulfobacula_toluolica_Tol2
151,2527181461,OhcC,Desulforegula_conservatrix_Mb1Pa_DSM_13527
152,2541189168,OhcC,Desulfococcus_oleovorans_Hxd3
153,2646276433,OhcC,Desulfatibacillum_aliphaticivorans_DSM_15576_
154,2502436055,NhcA,Desulfobacterales_sp._PC51MH44
155,2562336769,NhcA,Desulfobacterales_sp._S5133MH16
156,649925482,NhcA,Desulfosarcina_sp._BuS5
157,2558014992,NhcA,Desulfococcus_biacutus_KMRActS
158,2523915479,NhcA,Desulfonema_limicola_Jadebusen_DSM_2076
159,OEU44548.1,NhcA,Desulfosarcina_variabilis_Montpellier
160,2502436057,NhcC,Desulfobacterales_sp._PC51MH44
161,2523114661,NhcC,Desulfobacterales_sp._S5133MH16
162,2588101451,NhcC,Desulfosarcina_sp._BuS5
163,2562336771,NhcC,Desulfococcus_biacutus_KMRActS
164,649925480,NhcC,Desulfonema_limicola_Jadebusen_DSM_2076
165,2558014990,NhcC,Desulfosarcina_variabilis_Montpellier
166,2523915477,NhcC,Desulfatirhabdium_butyrativorans_DSM_18734
167,MBA3019351.1,TmcA,Seep-SRB1a_sp013792055
169,RZB29848.1,TmcA,Eth-SRB1_sp004193555
172,CAD7777609.1,TmcA,HotSeep1_E37_DN
173,CAD7776343.1,TmcA,HotSeep1_E50_DN
174,AMM41050.1,TmcA,HotSeep1_sp001577525
177,IEOPGEAI_00706,TmcA,HotSeep1_B50
179,OEU63923.1,TmcA,Eth-SRB2_sp00175005
181,OEU57700.1,TmcA,Seep-SRB1g_sp001751015_a
182,OEU55938.1,TmcA,Seep-SRB1g_sp001751015_b
183,MBC2694439.1,TmcA,Seep-SRB1a_sp014237365
184,MBC2718749.1,TmcA,Seep-SRB1a_sp014237365a
185,MBT9438295.1,TmcA,Seep-SRB1a_sp._S7142MS3
188,OLHCEBFO_01508,TmcA,Desulfofervidaceae_sp._PB11946FWG155
190,BEFNOMPG_00678,TmcA,Candidatus Desulfofervidus auxilli_sp._PB12019FWG170
191,DHEMDEKC_00935,TmcA,Seep-SRB1a_sp._SM14434AFWG171
195,GLOGJPLJ_01213,TmcA,Desulfofervidaceae sp. PB_NA091.008_B6
197,LCGKHOPJ_00970,TmcA,Seep-SRB1a_sp._SM7147B
198,Ga0402054_bin3_416,TmcA,Seep-SRB1a_sp._CR9063A
199,Ga0402057_bin2_2566,TmcA,Seep-SRB1a_sp._CR9063B
201,Ga0402080_bin2_1224,TmcA,Seep-SRB1a_sp._SM7059A
202,Ga0402010_bin2_330,TmcA,Seep-SRB1g_sp._CR10073A
203,Ga0402030_bin2_573,TmcA,Seep-SRB1g_sp._CR10073B
208,OEU44478.1,TmcA,S7086C20 sp001751075
209,OEU44649.1,TmcA,C00003060 sp001751085
214,HID58490.1,TmcA,JABXJX01 sp013375375
215,NVL91106.1,TmcA,
216,NVL91102.1,TmcA,
217,NVL90554.1,TmcA,JABXJW01 sp013375395
218,MBA3019353.1,TmcA_DSC,Seep-SRB1a_sp013792055
219,MBA3017486.1,TmcA_DSC,
220,RZB29850.1,TmcA_DSC,Eth-SRB1_sp004193555
232,OEU59080.1,TmcA_DSC,Seep-SRB1g_sp001751015_a
234,MBC2696693.1,TmcA_DSC,Seep-SRB1a_sp014237365
235,MBC2721007.1,TmcA_DSC,Seep-SRB1a_sp014237365a
236,MBT9438709.1,TmcA_DSC,Seep-SRB1a_sp._S7142MS3
237,MBT9437608.1,TmcA_DSC,
242,DHEMDEKC_02231,TmcA_DSC,Seep-SRB1a_sp._SM14434AFWG171
243,EOKBJDCF_01648,TmcA_DSC,Seep-SRB1a_sp._SM14434BFWG172
248,LCGKHOPJ_00384,TmcA_DSC,Seep-SRB1a_sp._SM7147B
249,Ga0402054_bin3_2140,TmcA_DSC,Seep-SRB1a_sp._CR9063A
250,Ga0402057_bin2_1469,TmcA_DSC,Seep-SRB1a_sp._CR9063B
252,Ga0402080_bin2_1188,TmcA_DSC,Seep-SRB1a_sp._SM7059A
253,Ga0402080_bin2_671,TmcA_DSC,Seep-SRB1a_sp._SM7059A
254,Ga0402010_bin2_324,TmcA_DSC,Seep-SRB1g_sp._CR10073A
255,Ga0402030_bin2_566,TmcA_DSC,Seep-SRB1g_sp._CR10073B
270,MBA3019352.1,TmcB,Seep-SRB1a_sp013792055
272,RZB29847.1,TmcB,Eth-SRB1_sp004193555
275,CAD7777605.1,TmcB,HotSeep1_E37_DN
276,CAD7776337.1,TmcB,HotSeep1_E50_DN
277,AMM41049.1,TmcB,HotSeep1_sp001577525
280,IEOPGEAI_00707,TmcB,HotSeep1_B50
282,OEU63922.1,TmcB,Eth-SRB2_sp00175005
285,OEU55939.1,TmcB,Seep-SRB1g_sp001751015_b
286,MBC2694438.1,TmcB,Seep-SRB1a_sp014237365
287,MBC2718748.1,TmcB,Seep-SRB1a_sp014237365a
288,MBT9438708.1,TmcB,Seep-SRB1a_sp._S7142MS3
289,MBT9438296.1,TmcB,
291,OLHCEBFO_01509,TmcB,Desulfofervidaceae_sp._PB11946FWG155
294,DHEMDEKC_00936,TmcB,Seep-SRB1a_sp._SM14434AFWG171
295,EOKBJDCF_00667,TmcB,Seep-SRB1a_sp._SM14434BFWG172
298,GLOGJPLJ_01214,TmcB,Desulfofervidaceae sp. PB_NA091.008_B6
300,LCGKHOPJ_00971,TmcB,Seep-SRB1a_sp._SM7147B
301,Ga0402054_bin3_415,TmcB,Seep-SRB1a_sp._CR9063A
302,Ga0402057_bin2_2567,TmcB,Seep-SRB1a_sp._CR9063B
304,Ga0402080_bin2_1223,TmcB,Seep-SRB1a_sp._SM7059A
305,Ga0402080_bin2_670,TmcB,Seep-SRB1a_sp._SM7059A
306,Ga0402010_bin2_329,TmcB,Seep-SRB1g_sp._CR10073A
307,Ga0402030_bin2_572,TmcB,Seep-SRB1g_sp._CR10073B
312,OEU44650.1,TmcB,S7086C20 sp001751075
317,HID58489.1,TmcB,DTYH01 sp012961955
318,NVL91105.1,TmcB,JABXJX01 sp013375375
319,NVL91101.1,TmcB,
320,NVL90553.1,TmcB,
321,NVM21707.1,TmcB,JABXJW01 sp013375395
322,MBA3019351.1,TmcC,Seep-SRB1a_sp013792055
324,RZB29848.1,TmcC,Eth-SRB1_sp004193555
327,CAD7777609.1,TmcC,HotSeep1_E37_DN
328,CAD7776343.1,TmcC,HotSeep1_E50_DN
329,AMM41050.1,TmcC,HotSeep1_sp001577525
332,IEOPGEAI_00706,TmcC,HotSeep1_B50
334,OEU63923.1,TmcC,Eth-SRB2_sp00175005
336,OEU57700.1,TmcC,Seep-SRB1g_sp001751015_a
337,OEU55938.1,TmcC,Seep-SRB1g_sp001751015_b
338,MBC2694439.1,TmcC,Seep-SRB1a_sp014237365
339,MBC2718749.1,TmcC,Seep-SRB1a_sp014237365a
340,MBT9438295.1,TmcC,Seep-SRB1a_sp._S7142MS3
343,OLHCEBFO_01508,TmcC,Desulfofervidaceae_sp._PB11946FWG155
345,BEFNOMPG_00678,TmcC,Candidatus Desulfofervidus auxilli_sp._PB12019FWG170
346,DHEMDEKC_00935,TmcC,Seep-SRB1a_sp._SM14434AFWG171
350,GLOGJPLJ_01213,TmcC,Desulfofervidaceae sp. PB_NA091.008_B6
352,LCGKHOPJ_00970,TmcC,Seep-SRB1a_sp._SM7147B
353,Ga0402054_bin3_416,TmcC,Seep-SRB1a_sp._CR9063A
354,Ga0402057_bin2_2566,TmcC,Seep-SRB1a_sp._CR9063B
356,Ga0402080_bin2_1224,TmcC,Seep-SRB1a_sp._SM7059A
357,Ga0402010_bin2_330,TmcC,Seep-SRB1g_sp._CR10073A
358,Ga0402030_bin2_573,TmcC,Seep-SRB1g_sp._CR10073B
363,OEU44478.1,TmcC,S7086C20 sp001751075
364,OEU44649.1,TmcC,S7086C20 sp001751075
369,HID58490.1,TmcC,DTYH01 sp012961955
370,NVL91106.1,TmcC,JABXJX01 sp013375375
371,NVL91102.1,TmcC,
372,NVL90554.1,TmcC,
373,NVM21708.1,TmcC,JABXJW01 sp013375395
374,MBA3019351.1,TmcD,Seep-SRB1a_sp013792055
376,RZB29848.1,TmcD,Eth-SRB1_sp004193555
379,CAD7777609.1,TmcD,HotSeep1_E37_DN
380,CAD7776343.1,TmcD,HotSeep1_E50_DN
381,AMM41050.1,TmcD,HotSeep1_sp001577525
384,IEOPGEAI_00706,TmcD,HotSeep1_B50
386,OEU63923.1,TmcD,Eth-SRB2_sp00175005
388,OEU57700.1,TmcD,Seep-SRB1g_sp001751015_a
389,OEU55938.1,TmcD,Seep-SRB1g_sp001751015_b
390,MBC2694439.1,TmcD,Seep-SRB1a_sp014237365
391,MBC2718749.1,TmcD,Seep-SRB1a_sp014237365a
392,MBT9438295.1,TmcD,Seep-SRB1a_sp._S7142MS3
395,OLHCEBFO_01508,TmcD,Desulfofervidaceae_sp._PB11946FWG155
397,BEFNOMPG_00678,TmcD,Candidatus Desulfofervidus auxilli_sp._PB12019FWG170
398,DHEMDEKC_00935,TmcD,Seep-SRB1a_sp._SM14434AFWG171
402,GLOGJPLJ_01213,TmcD,Desulfofervidaceae sp. PB_NA091.008_B6
404,LCGKHOPJ_00970,TmcD,Seep-SRB1a_sp._SM7147B
405,Ga0402054_bin3_416,TmcD,Seep-SRB1a_sp._CR9063A
406,Ga0402057_bin2_2566,TmcD,Seep-SRB1a_sp._CR9063B
408,Ga0402080_bin2_1224,TmcD,Seep-SRB1a_sp._SM7059A
409,Ga0402010_bin2_330,TmcD,Seep-SRB1g_sp._CR10073A
410,Ga0402030_bin2_573,TmcD,Seep-SRB1g_sp._CR10073B
415,OEU44478.1,TmcD,S7086C20 sp001751075
416,OEU44649.1,TmcD,C00003060 sp001751085
421,HID58490.1,TmcD,JABXJX01 sp013375375
422,NVL91106.1,TmcD,
423,NVL91102.1,TmcD,
424,NVL90554.1,TmcD,JABXJW01 sp013375395
425,2513992634,nfnA,Desulfobacterales_sp._PC51MH44
426,2502437831,nfnA,Desulfobacterales_sp._S5133MH16
427,2524230811,nfnA,Desulfosarcina_sp._BuS5
428,2508602348,nfnA,Desulfococcus_biacutus_KMRActS
429,2524511884,nfnA,Desulfonema_limicola_Jadebusen_DSM_2076
430,2523439577,nfnA,Desulfosarcina_variabilis_Montpellier
431,2523440908,nfnA,Desulfatirhabdium_butyrativorans_DSM_18734
432,2503696125,nfnA,Desulfobacter_postgatei_2ac9
433,2523116068,nfnA,Desulfobacula_toluolica_Tol2
434,2588103127,nfnA,Desulforegula_conservatrix_Mb1Pa_DSM_13527
435,2527180030,nfnA,Desulforegula_conservatrix_Mb1Pa_DSM_13527
436,2504153670,nfnA,Desulfococcus_oleovorans_Hxd3
437,649926972,nfnA,Desulfatibacillum_aliphaticivorans_DSM_15576_
438,2558014037,nfnA,Desulfatibacillum_alkenivorans_DSM_16219
439,2541189670,nfnA,Desulfobacterium_anilini_DSM_4660
440,2646275785,nfnA,Desulfobacca_acetoxidans_ASRB2_DSM_11109
441,2595075517,nfnA,Desulfocapsa_sulfexigens_DSM_10523
442,2524270929,nfnA,Desulfobulbus_propionicus_1pr3_DSM_2032
443,2524271386,nfnA,Desulfobulbus_elongatus_DSM_2908
444,Ga0123269_12356,nfnA,Desulfobulbus_mediterraneus_DSM_13871
445,OEU82212.1,nfnA,Desulfocurvus_vexinensis_DSM_17965
446,OEU56178.1,nfnA,Desulfovibrio_vulgaris_RCH1
447,OEU46805.1,nfnA,Desulfonatronum_thioautotrophicum_ASO4_1
448,2513992635,nfnB,Desulfobacterales_sp._PC51MH44
449,2502437832,nfnB,Desulfobacterales_sp._S5133MH16
450,2524230812,nfnB,Desulfosarcina_sp._BuS5
451,2508602347,nfnB,Desulfococcus_biacutus_KMRActS
452,2524511885,nfnB,Desulfonema_limicola_Jadebusen_DSM_2076
453,2523439576,nfnB,Desulfosarcina_variabilis_Montpellier
454,2523440909,nfnB,Desulfatirhabdium_butyrativorans_DSM_18734
455,2503696126,nfnB,Desulfobacter_postgatei_2ac9
456,2523116067,nfnB,Desulfobacula_toluolica_Tol2
457,2588103128,nfnB,Desulforegula_conservatrix_Mb1Pa_DSM_13527
458,2527180031,nfnB,Desulforegula_conservatrix_Mb1Pa_DSM_13527
459,2504153671,nfnB,Desulfococcus_oleovorans_Hxd3
460,649926973,nfnB,Desulfatibacillum_aliphaticivorans_DSM_15576_
461,2558014036,nfnB,Desulfatibacillum_alkenivorans_DSM_16219
462,2541189669,nfnB,Desulfobacterium_anilini_DSM_4660
463,2646275786,nfnB,Desulfobacca_acetoxidans_ASRB2_DSM_11109
464,2595075516,nfnB,Desulfocapsa_sulfexigens_DSM_10523
465,2524270928,nfnB,Desulfobulbus_propionicus_1pr3_DSM_2032
466,2524271387,nfnB,Desulfobulbus_elongatus_DSM_2908
467,Ga0123269_12357,nfnB,Desulfobulbus_mediterraneus_DSM_13871
468,OEU82213.1,nfnB,Desulfocurvus_vexinensis_DSM_17965
469,OEU56177.1,nfnB,Desulfovibrio_vulgaris_RCH1
470,OEU46804.1,nfnB,Desulfonatronum_thioautotrophicum_ASO4_1
471,OEU61607.1,etfA,Desulfobacterales_sp._PC51MH44
472,OEU62928.1,etfA,Desulfobacterales_sp._S5133MH16
473,2513990102,etfA,Desulfobacterales_sp._S5133MH16
474,2513990974,etfA,Desulfobacterales_sp._S5133MH16
475,2512526982,etfA,Desulfobacterales_sp._S5133MH16
476,2512527415,etfA,Desulfobacterales_sp._S5133MH16
477,2502445893,etfA,Desulfobacterales_sp._S5133MH16
478,2502446111,etfA,Desulfobacterales_sp._S5133MH16
479,2502432386,etfA,Desulfobacterales_sp._S5133MH16
480,2502433428,etfA,Desulfobacterales_sp._S5133MH16
481,2502434788,etfA,Desulfobacterales_sp._S5133MH16
482,2502439571,etfA,Desulfobacterales_sp._S5133MH16
483,2502440324,etfA,Desulfosarcina_sp._BuS5
484,2524232321,etfA,Desulfococcus_biacutus_KMRActS
485,2524233492,etfA,Desulfococcus_biacutus_KMRActS
486,2508602804,etfA,Desulfococcus_biacutus_KMRActS
487,2524511458,etfA,Desulfococcus_biacutus_KMRActS
488,2524509296,etfA,Desulfococcus_biacutus_KMRActS
489,2523440234,etfA,Desulfococcus_biacutus_KMRActS
490,2503697235,etfA,Desulfococcus_biacutus_KMRActS
491,2523114126,etfA,Desulfococcus_biacutus_KMRActS
492,2588101328,etfA,Desulfococcus_biacutus_KMRActS
493,2527180106,etfA,Desulfonema_limicola_Jadebusen_DSM_2076
494,2527181327,etfA,Desulfosarcina_variabilis_Montpellier
495,2527181505,etfA,Desulfatirhabdium_butyrativorans_DSM_18734
496,2527182486,etfA,Desulfobacter_postgatei_2ac9
497,2504154076,etfA,Desulfobacula_toluolica_Tol2
498,2504154076,etfA,Desulfobacula_toluolica_Tol2
499,2562336299,etfA,Desulfobacula_toluolica_Tol2
500,2562336300,etfA,Desulfobacula_toluolica_Tol2
501,649926857,etfA,Desulfobacula_toluolica_Tol2
502,649926857,etfA,Desulfobacula_toluolica_Tol2
503,2558015557,etfA,Desulfobacula_toluolica_Tol2
504,2558015557,etfA,Desulfobacula_toluolica_Tol2
505,2523916324,etfA,Desulfobacula_toluolica_Tol2
506,2523916324,etfA,Desulfobacula_toluolica_Tol2
507,2523440234,etfA,Desulfobacula_toluolica_Tol2
508,OEU80403.1,etfA,Desulfobacula_toluolica_Tol2
509,OEU80575.1,etfA,Desulfobacula_toluolica_Tol2
510,OEU81531.1,etfA,Desulfobacula_toluolica_Tol2
511,OEU44842.1,etfA,Desulfobacula_toluolica_Tol2
512,OEU45296.1,etfA,Desulforegula_conservatrix_Mb1Pa_DSM_13527
513,OEU45440.1,etfA,Desulfococcus_oleovorans_Hxd3
514,OEU44842.1,etfA,Desulfatibacillum_aliphaticivorans_DSM_15576_
515,OEU60987.1,etfA,Desulfatibacillum_alkenivorans_DSM_16219
516,OEU60987.1,etfA,Desulfobacterium_anilini_DSM_4660
517,OEU55707.1,etfA,Desulfobacca_acetoxidans_ASRB2_DSM_11109
518,OEU55707.1,etfA,Desulfocapsa_sulfexigens_DSM_10523
519,Ga0123269_15051,etfA,Desulfobulbus_propionicus_1pr3_DSM_2032
520,Ga0402030_bin2_1537,etfA,Desulfobulbus_elongatus_DSM_2908
521,Ga0402030_bin2_1537,etfA,Desulfobulbus_mediterraneus_DSM_13871
522,OEU83940.1,etfA,Desulfocurvus_vexinensis_DSM_17965
523,OEU83940.1,etfA,Desulfovibrio_vulgaris_RCH1
524,OEU54922.1,etfA,Desulfonatronum_thioautotrophicum_ASO4_1
525,OEU54922.1,etfA,Desulfomicrobium_escambiense_DSM_10707
526,OEU48425.1,etfA,Shewanella_oneidensis_MR_1
527,OEU48426.1,etfA,Desulfobacterales_sp._S3730MH5_(Seep_SRB1c)
528,PXF59921.1,etfA,Desulfobacterales_sp._C00003060_(Seep_SRB1c)
529,PXF59921.1,etfA,Desulfobacterales_sp._S5133MH4_(Seep_SRB1c)
530,PXF56020.1,etfA,Desulfobacterales_sp._S7086C20_(Seep_SRB1c)
531,PXF56020.1,etfA,Seep-SRB1g_sp._C00003104
532,WP_066064793.1,etfA,Seep-SRB1g_sp._C00003106
533,WP_066064793.1,etfA,Seep-SRB1g_sp._Cons3730e01UFb1
534,OEU61606.1,etfB,Desulfobacterales_sp._PC51MH44
535,OEU62929.1,etfB,Desulfobacterales_sp._S5133MH16
536,2513990103,etfB,Desulfobacterales_sp._S5133MH16
537,2513990975,etfB,Desulfobacterales_sp._S5133MH16
538,2512526981,etfB,Desulfobacterales_sp._S5133MH16
539,2512527416,etfB,Desulfobacterales_sp._S5133MH16
540,2502445894,etfB,Desulfobacterales_sp._S5133MH16
541,2502446110,etfB,Desulfobacterales_sp._S5133MH16
542,2502432387,etfB,Desulfobacterales_sp._S5133MH16
543,2502433429,etfB,Desulfobacterales_sp._S5133MH16
544,2502434789,etfB,Desulfobacterales_sp._S5133MH16
545,2502439570,etfB,Desulfobacterales_sp._S5133MH16
546,2502440323,etfB,Desulfosarcina_sp._BuS5
547,2524232320,etfB,Desulfococcus_biacutus_KMRActS
548,2524233491,etfB,Desulfococcus_biacutus_KMRActS
549,2508602803,etfB,Desulfococcus_biacutus_KMRActS
550,2524511459,etfB,Desulfococcus_biacutus_KMRActS
551,2524509295,etfB,Desulfococcus_biacutus_KMRActS
552,2523440235,etfB,Desulfococcus_biacutus_KMRActS
553,2503697236,etfB,Desulfococcus_biacutus_KMRActS
554,2523114125,etfB,Desulfococcus_biacutus_KMRActS
555,2588101327,etfB,Desulfococcus_biacutus_KMRActS
556,2527180105,etfB,Desulfonema_limicola_Jadebusen_DSM_2076
557,2527181126,etfB,Desulfosarcina_variabilis_Montpellier
558,2527181506,etfB,Desulfatirhabdium_butyrativorans_DSM_18734
559,2527182485,etfB,Desulfobacter_postgatei_2ac9
560,2504154075,etfB,Desulfobacula_toluolica_Tol2
561,2504154075,etfB,Desulfobacula_toluolica_Tol2
562,2562336300,etfB,Desulfobacula_toluolica_Tol2
563,2562336299,etfB,Desulfobacula_toluolica_Tol2
564,649926858,etfB,Desulfobacula_toluolica_Tol2
565,649926858,etfB,Desulfobacula_toluolica_Tol2
566,2558015556,etfB,Desulfobacula_toluolica_Tol2
567,2558015556,etfB,Desulfobacula_toluolica_Tol2
568,2523916325,etfB,Desulfobacula_toluolica_Tol2
569,2523916325,etfB,Desulfobacula_toluolica_Tol2
570,2523440235,etfB,Desulfobacula_toluolica_Tol2
571,OEU80402.1,etfB,Desulfobacula_toluolica_Tol2
572,OEU80574.1,etfB,Desulfobacula_toluolica_Tol2
573,OEU81532.1,etfB,Desulfobacula_toluolica_Tol2
574,OEU44843.1,etfB,Desulfobacula_toluolica_Tol2
575,OEU45295.1,etfB,Desulforegula_conservatrix_Mb1Pa_DSM_13527
576,OEU45439.1,etfB,Desulfococcus_oleovorans_Hxd3
577,OEU44843.1,etfB,Desulfatibacillum_aliphaticivorans_DSM_15576_
578,OEU60986.1,etfB,Desulfatibacillum_alkenivorans_DSM_16219
579,OEU60986.1,etfB,Desulfobacterium_anilini_DSM_4660
580,OEU55706.1,etfB,Desulfobacca_acetoxidans_ASRB2_DSM_11109
581,OEU55706.1,etfB,Desulfocapsa_sulfexigens_DSM_10523
582,Ga0402030_bin2_1538,etfB,Desulfobulbus_propionicus_1pr3_DSM_2032
583,Ga0402030_bin2_1538,etfB,Desulfobulbus_elongatus_DSM_2908
584,OEU83941.1,etfB,Desulfobulbus_mediterraneus_DSM_13871
585,OEU83941.1,etfB,Desulfocurvus_vexinensis_DSM_17965
586,OEU54923.1,etfB,Desulfovibrio_vulgaris_RCH1
587,OEU54923.1,etfB,Desulfonatronum_thioautotrophicum_ASO4_1
588,OEU48426.1,etfB,Desulfomicrobium_escambiense_DSM_10707
589,OEU48425.1,etfB,Shewanella_oneidensis_MR_1
590,PXF59922.1,etfB,Desulfobacterales_sp._S3730MH5_(Seep_SRB1c)
591,PXF59922.1,etfB,Desulfobacterales_sp._C00003060_(Seep_SRB1c)
592,PXF56021.1,etfB,Desulfobacterales_sp._S5133MH4_(Seep_SRB1c)
593,PXF56021.1,etfB,Desulfobacterales_sp._S7086C20_(Seep_SRB1c)
594,WP_066064796.1,etfB,Seep-SRB1g_sp._C00003104
595,WP_066064796.1,etfB,Seep-SRB1g_sp._C00003106
596,OEU61607.1,etfA,Desulfobacterales_sp._PC51MH44
597,OEU62928.1,etfA,Desulfobacterales_sp._S5133MH16
598,2513990102,etfA,Desulfobacterales_sp._S5133MH16
599,2513990974,etfA,Desulfobacterales_sp._S5133MH16
600,2512526982,etfA,Desulfobacterales_sp._S5133MH16
601,2512527415,etfA,Desulfobacterales_sp._S5133MH16
602,2502445893,etfA,Desulfobacterales_sp._S5133MH16
603,2502446111,etfA,Desulfobacterales_sp._S5133MH16
604,2502432386,etfA,Desulfobacterales_sp._S5133MH16
605,2502433428,etfA,Desulfobacterales_sp._S5133MH16
606,2502434788,etfA,Desulfobacterales_sp._S5133MH16
607,2502439571,etfA,Desulfobacterales_sp._S5133MH16
608,2502440324,etfA,Desulfosarcina_sp._BuS5
609,2524232321,etfA,Desulfococcus_biacutus_KMRActS
610,2524233492,etfA,Desulfococcus_biacutus_KMRActS
611,2508602804,etfA,Desulfococcus_biacutus_KMRActS
612,2524511458,etfA,Desulfococcus_biacutus_KMRActS
613,2524509296,etfA,Desulfococcus_biacutus_KMRActS
614,2523440234,etfA,Desulfococcus_biacutus_KMRActS
615,2503697235,etfA,Desulfococcus_biacutus_KMRActS
616,2523114126,etfA,Desulfococcus_biacutus_KMRActS
617,2588101328,etfA,Desulfococcus_biacutus_KMRActS
618,2527180106,etfA,Desulfonema_limicola_Jadebusen_DSM_2076
619,2527181327,etfA,Desulfosarcina_variabilis_Montpellier
620,2527181505,etfA,Desulfatirhabdium_butyrativorans_DSM_18734
621,2527182486,etfA,Desulfobacter_postgatei_2ac9
622,2504154076,etfA,Desulfobacula_toluolica_Tol2
623,2504154076,etfA,Desulfobacula_toluolica_Tol2
624,2562336299,etfA,Desulfobacula_toluolica_Tol2
625,2562336300,etfA,Desulfobacula_toluolica_Tol2
626,649926857,etfA,Desulfobacula_toluolica_Tol2
627,649926857,etfA,Desulfobacula_toluolica_Tol2
628,2558015557,etfA,Desulfobacula_toluolica_Tol2
629,2558015557,etfA,Desulfobacula_toluolica_Tol2
630,2523916324,etfA,Desulfobacula_toluolica_Tol2
631,2523916324,etfA,Desulfobacula_toluolica_Tol2
632,2523440234,etfA,Desulfobacula_toluolica_Tol2
633,OEU80403.1,etfA,Desulfobacula_toluolica_Tol2
634,OEU80575.1,etfA,Desulfobacula_toluolica_Tol2
635,OEU81531.1,etfA,Desulfobacula_toluolica_Tol2
636,OEU44842.1,etfA,Desulfobacula_toluolica_Tol2
637,OEU45296.1,etfA,Desulforegula_conservatrix_Mb1Pa_DSM_13527
638,OEU45440.1,etfA,Desulfococcus_oleovorans_Hxd3
639,OEU44842.1,etfA,Desulfatibacillum_aliphaticivorans_DSM_15576_
640,OEU60987.1,etfA,Desulfatibacillum_alkenivorans_DSM_16219
641,OEU60987.1,etfA,Desulfobacterium_anilini_DSM_4660
642,OEU55707.1,etfA,Desulfobacca_acetoxidans_ASRB2_DSM_11109
643,OEU55707.1,etfA,Desulfocapsa_sulfexigens_DSM_10523
644,Ga0123269_15051,etfA,Desulfobulbus_propionicus_1pr3_DSM_2032
645,Ga0402030_bin2_1537,etfA,Desulfobulbus_elongatus_DSM_2908
646,Ga0402030_bin2_1537,etfA,Desulfobulbus_mediterraneus_DSM_13871
647,OEU83940.1,etfA,Desulfocurvus_vexinensis_DSM_17965
648,OEU83940.1,etfA,Desulfovibrio_vulgaris_RCH1
649,OEU54922.1,etfA,Desulfonatronum_thioautotrophicum_ASO4_1
650,OEU54922.1,etfA,Desulfomicrobium_escambiense_DSM_10707
651,OEU48425.1,etfA,Shewanella_oneidensis_MR_1
652,OEU48426.1,etfA,Desulfobacterales_sp._S3730MH5_(Seep_SRB1c)
653,PXF59921.1,etfA,Desulfobacterales_sp._C00003060_(Seep_SRB1c)
654,PXF59921.1,etfA,Desulfobacterales_sp._S5133MH4_(Seep_SRB1c)
655,PXF56020.1,etfA,Desulfobacterales_sp._S7086C20_(Seep_SRB1c)
656,PXF56020.1,etfA,Seep-SRB1g_sp._C00003104
657,WP_066064793.1,etfA,Seep-SRB1g_sp._C00003106
658,WP_066064793.1,etfA,Seep-SRB1g_sp._Cons3730e01UFb1
659,OEU61606.1,etfB,Desulfobacterales_sp._PC51MH44
660,OEU62929.1,etfB,Desulfobacterales_sp._S5133MH16
661,2513990103,etfB,Desulfobacterales_sp._S5133MH16
662,2513990975,etfB,Desulfobacterales_sp._S5133MH16
663,2512526981,etfB,Desulfobacterales_sp._S5133MH16
664,2512527416,etfB,Desulfobacterales_sp._S5133MH16
665,2502445894,etfB,Desulfobacterales_sp._S5133MH16
666,2502446110,etfB,Desulfobacterales_sp._S5133MH16
667,2502432387,etfB,Desulfobacterales_sp._S5133MH16
668,2502433429,etfB,Desulfobacterales_sp._S5133MH16
669,2502434789,etfB,Desulfobacterales_sp._S5133MH16
670,2502439570,etfB,Desulfobacterales_sp._S5133MH16
671,2502440323,etfB,Desulfosarcina_sp._BuS5
672,2524232320,etfB,Desulfococcus_biacutus_KMRActS
673,2524233491,etfB,Desulfococcus_biacutus_KMRActS
674,2508602803,etfB,Desulfococcus_biacutus_KMRActS
675,2524511459,etfB,Desulfococcus_biacutus_KMRActS
676,2524509295,etfB,Desulfococcus_biacutus_KMRActS
677,2523440235,etfB,Desulfococcus_biacutus_KMRActS
678,2503697236,etfB,Desulfococcus_biacutus_KMRActS
679,2523114125,etfB,Desulfococcus_biacutus_KMRActS
680,2588101327,etfB,Desulfococcus_biacutus_KMRActS
681,2527180105,etfB,Desulfonema_limicola_Jadebusen_DSM_2076
682,2527181126,etfB,Desulfosarcina_variabilis_Montpellier
683,2527181506,etfB,Desulfatirhabdium_butyrativorans_DSM_18734
684,2527182485,etfB,Desulfobacter_postgatei_2ac9
685,2504154075,etfB,Desulfobacula_toluolica_Tol2
686,2504154075,etfB,Desulfobacula_toluolica_Tol2
687,2562336300,etfB,Desulfobacula_toluolica_Tol2
688,2562336299,etfB,Desulfobacula_toluolica_Tol2
689,649926858,etfB,Desulfobacula_toluolica_Tol2
690,649926858,etfB,Desulfobacula_toluolica_Tol2
691,2558015556,etfB,Desulfobacula_toluolica_Tol2
692,2558015556,etfB,Desulfobacula_toluolica_Tol2
693,2523916325,etfB,Desulfobacula_toluolica_Tol2
694,2523916325,etfB,Desulfobacula_toluolica_Tol2
695,2523440235,etfB,Desulfobacula_toluolica_Tol2
696,OEU80402.1,etfB,Desulfobacula_toluolica_Tol2
697,OEU80574.1,etfB,Desulfobacula_toluolica_Tol2
698,OEU81532.1,etfB,Desulfobacula_toluolica_Tol2
699,OEU44843.1,etfB,Desulfobacula_toluolica_Tol2
700,OEU45295.1,etfB,Desulforegula_conservatrix_Mb1Pa_DSM_13527
701,OEU45439.1,etfB,Desulfococcus_oleovorans_Hxd3
702,OEU44843.1,etfB,Desulfatibacillum_aliphaticivorans_DSM_15576_
703,OEU60986.1,etfB,Desulfatibacillum_alkenivorans_DSM_16219
704,OEU60986.1,etfB,Desulfobacterium_anilini_DSM_4660
705,OEU55706.1,etfB,Desulfobacca_acetoxidans_ASRB2_DSM_11109
706,OEU55706.1,etfB,Desulfocapsa_sulfexigens_DSM_10523
707,Ga0402030_bin2_1538,etfB,Desulfobulbus_propionicus_1pr3_DSM_2032
708,Ga0402030_bin2_1538,etfB,Desulfobulbus_elongatus_DSM_2908
709,OEU83941.1,etfB,Desulfobulbus_mediterraneus_DSM_13871
710,OEU83941.1,etfB,Desulfocurvus_vexinensis_DSM_17965
711,OEU54923.1,etfB,Desulfovibrio_vulgaris_RCH1
712,OEU54923.1,etfB,Desulfonatronum_thioautotrophicum_ASO4_1
713,OEU48426.1,etfB,Desulfomicrobium_escambiense_DSM_10707
714,OEU48425.1,etfB,Shewanella_oneidensis_MR_1
715,PXF59922.1,etfB,Desulfobacterales_sp._S3730MH5_(Seep_SRB1c)
716,PXF59922.1,etfB,Desulfobacterales_sp._C00003060_(Seep_SRB1c)
717,PXF56021.1,etfB,Desulfobacterales_sp._S5133MH4_(Seep_SRB1c)
718,PXF56021.1,etfB,Desulfobacterales_sp._S7086C20_(Seep_SRB1c)
719,WP_066064796.1,etfB,Seep-SRB1g_sp._C00003104
720,WP_066064796.1,etfB,Seep-SRB1g_sp._C00003106
721,2513990908,flxB,Desulfobacterales_sp._PC51MH44
722,2502439154,flxB,Desulfobacterales_sp._S5133MH16
723,2524230138,flxB,Desulfosarcina_sp._BuS5
724,2524511064,flxB,Desulfococcus_biacutus_KMRActS
725,2523112439,flxB,Desulfonema_limicola_Jadebusen_DSM_2076
726,2588104263,flxB,Desulfosarcina_variabilis_Montpellier
727,2527180342,flxB,Desulfatirhabdium_butyrativorans_DSM_18734
728,2541189397,flxB,Desulfobacter_postgatei_2ac9
729,2646275716,flxB,Desulfobacula_toluolica_Tol2
730,2595074869,flxB,Desulforegula_conservatrix_Mb1Pa_DSM_13527
731,2541189397,flxB,Desulfococcus_oleovorans_Hxd3
732,Ga0123269_13964,flxB,Desulfatibacillum_aliphaticivorans_DSM_15576_
733,Ga0402030_bin2_2429,flxB,Desulfatibacillum_alkenivorans_DSM_16219
734,Ga0402057_bin2_2278,flxB,Desulfobacterium_anilini_DSM_4660
735,Ga0402080_bin2_1258,flxB,Desulfobacca_acetoxidans_ASRB2_DSM_11109
736,PXF58562.1,flxB,Desulfocapsa_sulfexigens_DSM_10523
737,PXF53179.1,flxB,Desulfobulbus_propionicus_1pr3_DSM_2032
738,2513990913,HdrA,Desulfobacterales_sp._PC51MH44
739,2502439158,HdrA,Desulfobacterales_sp._S5133MH16
740,2524230133,HdrA,Desulfosarcina_sp._BuS5
741,2524511067,HdrA,Desulfococcus_biacutus_KMRActS
742,2523442573,HdrA,Desulfonema_limicola_Jadebusen_DSM_2076
743,2523112443,HdrA,Desulfosarcina_variabilis_Montpellier
744,2588104259,HdrA,Desulfatirhabdium_butyrativorans_DSM_18734
745,2527180544,HdrA,Desulfobacter_postgatei_2ac9
746,2541189393,HdrA,Desulfobacula_toluolica_Tol2
747,2646275719,HdrA,Desulforegula_conservatrix_Mb1Pa_DSM_13527
748,2595074872,HdrA,Desulfococcus_oleovorans_Hxd3
749,2541189394,HdrA,Desulfatibacillum_aliphaticivorans_DSM_15576_
750,Ga0402030_bin2_2425,HdrA,Desulfatibacillum_alkenivorans_DSM_16219
751,Ga0402057_bin2_2283,HdrA,Desulfobacterium_anilini_DSM_4660
752,Ga0402080_bin2_1253,HdrA,Desulfobacca_acetoxidans_ASRB2_DSM_11109
753,PXF58558.1,HdrA,Desulfocapsa_sulfexigens_DSM_10523
754,PXF53184.1,HdrA,Desulfobulbus_propionicus_1pr3_DSM_2032
755,RLB96208.1,HysA,B23-G16 sp003647435
756,RLC10490.1,HysA,B23-G16 sp003647435
757,RLB81021.1,HysA,B60-G16 sp003647275
758,OEU46147.1,MvhA,S7086C20 sp001751075
759,OEU46904.1,Hydrogenase_Group_2ahydDB says 1a periplasmic,S7086C20 sp001751075
760,OEU79861.1,Hydrogenase_Group_4 (membrane bound ech),C00003060 sp001751085
761,NVM21981.1,hysA,JABXJW01 sp013375395
762,NVM23586.1,Hydrogenase_Group_4 (membrane bound ech),JABXJW01 sp013375395
763,NVM23969.1,Hydrogenase_Group_3c (cytosolic),JABXJW01 sp013375395
764,NVM24202.1,Hydrogenase_Group_3c (cytosolic),JABXJW01 sp013375395
765,NVL90534.1,HysA,JABXJX01 sp013375375
766,NVL90834.1,Hydrogenase_Group_3c (cytosolic),JABXJX01 sp013375375
767,LWW95_08765,MvhA,Desulfofervidaceae sp. PB_NA091.008_B6
768,LWW94_02505,HysA,Desulfofervidaceae_sp._PB11946FWG155
769,LWW94_06410,HysA,Desulfofervidaceae_sp._PB11946FWG155
770,KPJ68675.1,Hydrogenase_Group_2a (Maybe membrane associated),Desulfofervidales_sp._DG-60
771,KPJ69025.1,Hydrogenase_Group_1hydDB says 3c (cytosolic),Desulfofervidales_sp._DG-60
772,LWW78_02000,HysA,DesulfofervidalesDG60_sp._PB11719FWG156
773,LWW90_04335,HysA,Candidatus Desulfofervidus auxilli_sp._PB12019FWG170
774,LWW90_07860,FrhA,Candidatus Desulfofervidus auxilli_sp._PB12019FWG170
775,IEOPGEAI_01181,HysA,HotSeep1_B50
776,IEOPGEAI_01304,FrhA,HotSeep1_B50
777,CAD7770634.1,HysA,HotSeep1_E37_DN
778,CAD7781970.1,FrhA,HotSeep1_E37_DN
779,CAD7769629.1,HysA,HotSeep1_E50_DN
780,CAD7781004.1,FrhA,HotSeep1_E50_DN
781,AMM39968.1,hysA,HotSeep1_sp001577525
782,AMM42097.1,FrhA,HotSeep1_sp001577525
783,WP_163297842.1,Hyb,Dissulfurirhabdus_thermomarina_ASM1049943v1
784,MBW2163081.1,HyhL,Seep-SRB2_Meg22_02_Bin_69
785,MBW2098351.1,HyhL,Seep-SRB2_Meg22_1012_Bin_255
786,MBW2099038.1,MvhA,Seep-SRB2_Meg22_1012_Bin_255
787,MBW1966476.1,HyhL,Seep-SRB2_Meg22_1214_Bin_80
788,MBW1966494.1,MvhA,Seep-SRB2_Meg22_1214_Bin_80
789,MBW1932047.1,HyhL,Seep-SRB2_Meg22_1416_Bin_56
790,MBW1925823.1,HyhL,Seep-SRB2_Meg22_1618_Bin_165
791,MBW1926464.1,MvhA,Seep-SRB2_Meg22_1618_Bin_165
792,PXF54232.1,MvhA,SeepSRB2_G37_sp003194485
793,LWW99_10885,HyhL,SeepSRB2_sp._PB10259FWG173
794,LWX01_07075,HyhL,SeepSRB2_sp._PBNA091R45FWG174
795,DFBQ01000080.1_9,Hydrogenase_Group_1,SeepSRB2_sp002367355
796,DFBQ01000179.1_4,HyhL,SeepSRB2_sp002367355
797,PXF56808.1,HyhL,SeepSRB2_sp003194495
798,RKX60486.1,HyhL,SeepSRB2_sp00364560
799,RZB34792.1,Hydrogenase_Group_3b (cytosolic),Eth-SRB1_sp004193555
800,RZB35068.1,Hydrogenase_Group_1b Hyn (periplasmic),Eth-SRB1_sp004193555
801,NQT10336.1,Hydrogenase_Group_1b (periplasmic),JACNLL01 sp013202725
802,MBC8198981.1,Hydrogenase_Group_1b (periplasmic),JACNLL01 sp014381545
803,MBW2738836.1,HyhL,Seep-SRB1a_AB_03_Bin_172
804,MBW2164864.1,HysA,Seep-SRB1a_Meg22_02_Bin_90
805,MBW1833212.1,HysA,Seep-SRB1a_Meg22_24_Bin_68
806,MBW1744807.1,HysA,Seep-SRB1a_Meg22_46_Bin_236
807,MBT9440102.1,HysA,SeepSRB1a_sp._S7142MS3
808,LWX54_02785,HysA,SeepSRB1a_sp._SM7059A
809,MBA3018930.1,HyhL,SeepSRB1a_sp013792055
810,MBA3018935.1,HysA,SeepSRB1a_sp013792055
811,LWX54_14635,QmoA,
812,LWX51_04085,QmoA,Seep-SRB1a sp. SM7059A
813,LWX52_12535,QmoA,Seep-SRB1a sp. CR9063A
814,PXF54059.1,QmoA,Seep-SRB1g sp. CR10073A
815,PXF57422.1,QmoA,Seep-SRB2 sp. G37
816,LWW94_08070,QmoA,E20 Seep-SRB2
817,LWW90_03885,QmoA,Desulfofervidaceae_sp._PB11946FWG155
818,LWW95_07580,QmoA,DesulfofervidalesDG60_sp._PB11719FWG156
819,LWX54_14640,QmoB,
820,LWX51_04090,QmoB,Seep-SRB1a sp. SM7059A
821,LWX52_12540,QmoB,Seep-SRB1a sp. CR9063A
822,PXF54060.1,QmoB,Seep-SRB1g sp. CR10073A
823,PXF57421.1,QmoB,Seep-SRB2 sp. G37
824,LWW94_08065,QmoB,E20 Seep-SRB2
825,LWW78_07400,QmoB,Desulfofervidaceae_sp._PB11946FWG155
826,LWW90_03890,QmoB,DesulfofervidalesDG60_sp._PB11719FWG156
827,LWW95_07575,QmoB,Seep-SRB2_sp._PB10259FWG173
828,LWX54_14645,QmoC,
829,LWX51_04095,QmoC,Seep-SRB1a sp. SM7059A
830,LWX52_12545,QmoC,Seep-SRB1a sp. CR9063A
831,PXF54061.1,QmoC,Seep-SRB1g sp. CR10073A
832,PXF57420.1,QmoC,Seep-SRB2 sp. G37
833,LWW94_08060,QmoC,E20 Seep-SRB2
834,LWW78_07405,QmoC,Desulfofervidaceae_sp._PB11946FWG155
835,LWW95_07570,QmoC,DesulfofervidalesDG60_sp._PB11719FWG156
836,LWX54_00290,DsrM,
837,LWX51_01600,DsrM,Seep-SRB1a sp. SM7059A
838,LWX52_04040,DsrM,Seep-SRB1a sp. CR9063A
839,PXF54504.1,DsrM,Seep-SRB1g sp. CR10073A
840,PXF59681.1,DsrM,Seep-SRB2 sp. G37
841,LWW94_04810,DsrM,E20 Seep-SRB2
842,LWW78_00395,DsrM,Desulfofervidaceae_sp._PB11946FWG155
843,LWW99_02930,DsrM,DesulfofervidalesDG60_sp._PB11719FWG156
844,LWX01_01685,DsrM,Seep-SRB2_sp._PB10259FWG173
845,LWW90_04030,DsrM,Seep-SRB2_sp._PBNA091R45FWG174
846,LWW95_02115,DsrM,Candidatus Desulfofervidus auxilli_sp._PB12019FWG170
847,LWX54_00295,DsrK,
848,LWX51_01605,DsrK,Seep-SRB1a sp. SM7059A
849,LWX52_04035,DsrK,Seep-SRB1a sp. CR9063A
850,PXF54505.1,DsrK,Seep-SRB1g sp. CR10073A
851,PXF59680.1,DsrK,Seep-SRB2 sp. G37
852,LWW94_04815,DsrK,E20 Seep-SRB2
853,LWW78_00400,DsrK,Desulfofervidaceae_sp._PB11946FWG155
854,LWW99_02925,DsrK,DesulfofervidalesDG60_sp._PB11719FWG156
855,LWX01_01690,DsrK,Seep-SRB2_sp._PB10259FWG173
856,LWW90_04035,DsrK,Seep-SRB2_sp._PBNA091R45FWG174
857,LWW95_02120,DsrK,Candidatus Desulfofervidus auxilli_sp._PB12019FWG170
858,LWX54_00300,DsrJ,
859,LWX51_01610,DsrJ,Seep-SRB1a sp. SM7059A
860,LWX52_04030,DsrJ,Seep-SRB1a sp. CR9063A
861,PXF54506.1,DsrJ,Seep-SRB1g sp. CR10073A
862,PXF59679.1,DsrJ,Seep-SRB2 sp. G37
863,LWW94_04820,DsrJ,E20 Seep-SRB2
864,LWW78_00405,DsrJ,Desulfofervidaceae_sp._PB11946FWG155
865,LWW99_02920,DsrJ,DesulfofervidalesDG60_sp._PB11719FWG156
866,LWX01_01695,DsrJ,Seep-SRB2_sp._PB10259FWG173
867,LWW90_04040,DsrJ,Seep-SRB2_sp._PBNA091R45FWG174
868,LWW95_02125,DsrJ,Candidatus Desulfofervidus auxilli_sp._PB12019FWG170
869,LWX54_00305,DsrO,
870,LWX51_01615,DsrO,Seep-SRB1a sp. SM7059A
871,LWX52_04025,DsrO,Seep-SRB1a sp. CR9063A
872,PXF54507.1,DsrO,Seep-SRB1g sp. CR10073A
873,PXF59678.1,DsrO,Seep-SRB2 sp. G37
874,LWW94_04825,DsrO,E20 Seep-SRB2
875,LWW78_00410,DsrO,Desulfofervidaceae_sp._PB11946FWG155
876,LWW99_02915,DsrO,DesulfofervidalesDG60_sp._PB11719FWG156
877,LWX01_01700,DsrO,Seep-SRB2_sp._PB10259FWG173
878,LWW90_04045,DsrO,Seep-SRB2_sp._PBNA091R45FWG174
879,LWW95_02130,DsrO,Candidatus Desulfofervidus auxilli_sp._PB12019FWG170
880,LWX54_00310,DsrP,
881,LWX51_01620,DsrP,Seep-SRB1a sp. SM7059A
882,LWX52_04020,DsrP,Seep-SRB1a sp. CR9063A
883,PXF54508.1,DsrP,Seep-SRB1g sp. CR10073A
884,PXF59677.1,DsrP,Seep-SRB2 sp. G37
885,LWW94_04830,DsrP,E20 Seep-SRB2
886,LWW78_00415,DsrP,Desulfofervidaceae_sp._PB11946FWG155
887,LWW99_02910,DsrP,DesulfofervidalesDG60_sp._PB11719FWG156
888,LWX01_01705,DsrP,Seep-SRB2_sp._PB10259FWG173
889,LWW90_04050,DsrP,Seep-SRB2_sp._PBNA091R45FWG174
890,LWW95_02135,DsrP,Candidatus Desulfofervidus auxilli_sp._PB12019FWG170
891,PXF54667.1,CbcA,
892,PXF56544.1,CbcA,Seep-SRB1a sp. SM7059A
893,LWW99_09840,CbcA,Seep-SRB1a sp. CR9063A
894,LWX01_01010,CbcA,Seep-SRB1g sp. CR10073A
895,PXF54668.1,CbcB,
896,PXF56545.1,CbcB,Seep-SRB1a sp. SM7059A
897,LWW99_09845,CbcB,Seep-SRB1a sp. CR9063A
898,LWX01_01005,CbcB,Seep-SRB1g sp. CR10073A
899,LWX54_16855,RnfC,
900,LWX51_11095,RnfC,Seep-SRB1a sp. SM7059A
901,LWX52_01590,RnfC,Seep-SRB1a sp. CR9063A
902,LWW94_00005,RnfC,Seep-SRB1g sp. CR10073A
903,LWW78_05090,RnfC,Seep-SRB2 sp. G37
904,LWW90_03145,RnfC,E20 Seep-SRB2
905,LWW95_06075,RnfC,Desulfofervidaceae_sp._PB11946FWG155
906,LWX54_16850,RnfD,
907,LWX51_11100,RnfD,Seep-SRB1a sp. SM7059A
908,LWX52_01595,RnfD,Seep-SRB1a sp. CR9063A
909,LWW94_00010,RnfD,Seep-SRB1g sp. CR10073A
910,LWW78_05085,RnfD,Seep-SRB2 sp. G37
911,LWW90_03140,RnfD,E20 Seep-SRB2
912,LWW95_06080,RnfD,Desulfofervidaceae_sp._PB11946FWG155
913,LWX54_16845,RnfG,
914,LWX51_11105,RnfG,Seep-SRB1a sp. SM7059A
915,LWX52_01600,RnfG,Seep-SRB1a sp. CR9063A
916,LWW94_00015,RnfG,Seep-SRB1g sp. CR10073A
917,LWW78_05080,RnfG,Seep-SRB2 sp. G37
918,LWW90_03135,RnfG,E20 Seep-SRB2
919,LWW95_06085,RnfG,Desulfofervidaceae_sp._PB11946FWG155
920,LWX54_16840,RnfE,
921,LWX51_11110,RnfE,Seep-SRB1a sp. SM7059A
922,LWX52_01605,RnfE,Seep-SRB1a sp. CR9063A
923,LWW94_00020,RnfE,Seep-SRB1g sp. CR10073A
924,LWW78_05075,RnfE,Seep-SRB2 sp. G37
925,LWW90_03130,RnfE,E20 Seep-SRB2
926,LWW95_06090,RnfE,Desulfofervidaceae_sp._PB11946FWG155
927,LWX54_16835,RnfA,
928,LWX51_11115,RnfA,Seep-SRB1a sp. SM7059A
929,LWX52_01610,RnfA,Seep-SRB1a sp. CR9063A
930,LWW94_00025,RnfA,Seep-SRB1g sp. CR10073A
931,LWW78_05070,RnfA,Seep-SRB2 sp. G37
932,LWW90_03125,RnfA,E20 Seep-SRB2
933,LWW95_06095,RnfA,Desulfofervidaceae_sp._PB11946FWG155
934,LWX52_01615,RnfB,
935,LWW94_00030,RnfB,Seep-SRB1a sp. SM7059A
936,LWW78_05065,RnfB,Seep-SRB1a sp. CR9063A
937,LWW90_03120,RnfB,Seep-SRB1g sp. CR10073A
938,LWW95_06100,RnfB,Seep-SRB2 sp. G37
939,LWX54_14275,QrcA,
940,LWX51_04130,QrcA,Seep-SRB1a sp. SM7059A
941,LWX52_00080,QrcA,Seep-SRB1a sp. CR9063A
942,LWW94_05325,QrcA,Seep-SRB1g sp. CR10073A
943,LWW78_03335,QrcA,Seep-SRB2 sp. G37
944,LWW95_07310,QrcA,E20 Seep-SRB2
945,LWX54_14280,QrcB,
946,LWX51_04135,QrcB,Seep-SRB1a sp. SM7059A
947,LWX52_00085,QrcB,Seep-SRB1a sp. CR9063A
948,LWW94_05320,QrcB,Seep-SRB1g sp. CR10073A
949,LWW78_03340,QrcB,Seep-SRB2 sp. G37
950,LWW95_07305,QrcB,E20 Seep-SRB2
951,LWX54_14285,QrcC,
952,LWX51_04140,QrcC,Seep-SRB1a sp. SM7059A
953,LWX52_00090,QrcC,Seep-SRB1a sp. CR9063A
954,LWW94_05315,QrcC,Seep-SRB1g sp. CR10073A
955,LWW78_03345,QrcC,Seep-SRB2 sp. G37
956,LWW90_08290,QrcC,E20 Seep-SRB2
957,LWW95_07300,QrcC,Desulfofervidaceae_sp._PB11946FWG155
958,LWX54_14290,QrcD,
959,LWX51_04145,QrcD,Seep-SRB1a sp. SM7059A
960,LWX52_00095,QrcD,Seep-SRB1a sp. CR9063A
961,LWW94_05310,QrcD,Seep-SRB1g sp. CR10073A
962,LWW78_03350,QrcD,Seep-SRB2 sp. G37
963,LWW90_08285,QrcD,E20 Seep-SRB2
964,LWW95_07295,QrcD,Desulfofervidaceae_sp._PB11946FWG155
965,LWX54_06190,TmcB,
966,LWX51_02105,TmcB,Seep-SRB1a sp. SM7059A
967,LWX52_01665,TmcB,Seep-SRB1a sp. CR9063A
968,LWW94_07695,TmcB,Seep-SRB1g sp. CR10073A
969,LWW95_06065,TmcB,Seep-SRB2 sp. G37
970,LWX54_06195,TmcC,
971,LWX51_02110,TmcC,Seep-SRB1a sp. SM7059A
972,LWX52_01670,TmcC,Seep-SRB1a sp. CR9063A
973,LWW94_07700,TmcC,Seep-SRB1g sp. CR10073A
974,LWW90_03635,TmcC,Seep-SRB2 sp. G37
975,LWW95_06060,TmcC,E20 Seep-SRB2
976,LWX54_06200,TmcD,
977,LWX51_02115,TmcD,Seep-SRB1a sp. SM7059A
978,LWX52_01675,TmcD,Seep-SRB1a sp. CR9063A
979,LWW90_03630,TmcD,Seep-SRB1g sp. CR10073A
980,LWW95_06055,TmcD,Seep-SRB2 sp. G37
981,LWX54_06010,TpIc3,
982,PXF54848.1,TpIc3,Seep-SRB1a sp. SM7059A
983,PXF57772.1,TpIc3,Seep-SRB1a sp. CR9063A
984,LWW94_07705,TpIc3,Seep-SRB1g sp. CR10073A
985,LWW99_05600,TpIc3,Seep-SRB2 sp. G37
986,LWX01_02850,TpIc3,E20 Seep-SRB2
987,LWW90_00435,TpIc3,Desulfofervidaceae_sp._PB11946FWG155
988,LWW95_06070,TpIc3,DesulfofervidalesDG60_sp._PB11719FWG156
989,LWX54_03390,TmcA_DSC,
990,LWX51_11060,TmcA_DSC,Seep-SRB1a sp. SM7059A
991,LWX52_01645,TmcA_DSC,Seep-SRB1a sp. CR9063A
992,LWX54_04680,SatA,
993,LWX51_04100,SatA,Seep-SRB1a sp. SM7059A
994,LWX52_06635,SatA,Seep-SRB1a sp. CR9063A
995,PXF55574.1,SatA,Seep-SRB1g sp. CR10073A
996,PXF59179.1,SatA,Seep-SRB2 sp. G37
997,LWW94_06775,SatA,E20 Seep-SRB2
998,LWW99_05875,SatA,Desulfofervidaceae_sp._PB11946FWG155
999,LWX01_04125,SatA,DesulfofervidalesDG60_sp._PB11719FWG156
1000,LWW95_01985,SatA,Seep-SRB2_sp._PB10259FWG173
1001,LWX54_14940,DsrA,
1002,LWX51_03095,DsrA,Seep-SRB1a sp. SM7059A
1003,LWX52_14780,DsrA,Seep-SRB1a sp. CR9063A
1004,PXF54516.1,DsrA,Seep-SRB1g sp. CR10073A
1005,PXF59669.1,DsrA,Seep-SRB2 sp. G37
1006,LWW94_08055,DsrA,E20 Seep-SRB2
1007,LWW78_07835,DsrA,Desulfofervidaceae_sp._PB11946FWG155
1008,LWW99_04725,DsrA,DesulfofervidalesDG60_sp._PB11719FWG156
1009,LWX01_07900,DsrA,Seep-SRB2_sp._PB10259FWG173
1010,LWW90_07995,DsrA,Seep-SRB2_sp._PBNA091R45FWG174
1011,LWW95_07565,DsrA,Candidatus Desulfofervidus auxilli_sp._PB12019FWG170
1012,LWX51_03100,DsrB,
1013,LWX52_14785,DsrB,Seep-SRB1a sp. SM7059A
1014,PXF54589.1,DsrB,Seep-SRB1a sp. CR9063A
1015,PXF59747.1,DsrB,Seep-SRB1g sp. CR10073A
1016,LWW94_08050,DsrB,Seep-SRB2 sp. G37
1017,LWW78_07830 ,DsrB,E20 Seep-SRB2
1018,LWW99_04730,DsrB,Desulfofervidaceae_sp._PB11946FWG155
1019,LWW90_08000,DsrB,DesulfofervidalesDG60_sp._PB11719FWG156
1020,LWW95_07560,DsrB,Seep-SRB2_sp._PB10259FWG173
1021,LWX54_14680,AprA,
1022,LWX51_04080,AprA,Seep-SRB1a sp. SM7059A
1023,LWX52_12530,AprA,Seep-SRB1a sp. CR9063A
1024,PXF54058.1,AprA,Seep-SRB1g sp. CR10073A
1025,PXF57423.1,AprA,Seep-SRB2 sp. G37
1026,LWW94_08075,AprA,E20 Seep-SRB2
1027,LWW90_06035 ,AprA,Desulfofervidaceae_sp._PB11946FWG155
1028,LWW95_07585,AprA,DesulfofervidalesDG60_sp._PB11719FWG156
1029,LWX51_04075,AprB,
1030,PXF54057.1,AprB,Seep-SRB1a sp. SM7059A
1031,PXF57424.1,AprB,Seep-SRB1a sp. CR9063A
1032,LWW94_08080,AprB,Seep-SRB1g sp. CR10073A
1033,LWW90_06045 ,AprB,Seep-SRB2 sp. G37
1034,LWW95_07590,AprB,E20 Seep-SRB2
1035,LWX54_06375,DsrC,
1036,LWX51_04425,DsrC,Seep-SRB1a sp. SM7059A
1037,LWX52_13575,DsrC,Seep-SRB1a sp. CR9063A
1038,PXF55362.1,DsrC,Seep-SRB1g sp. CR10073A
1039,PXF59134.1,DsrC,Seep-SRB2 sp. G37
1040,LWW94_09670,DsrC,E20 Seep-SRB2
1041,LWW78_02395,DsrC,Desulfofervidaceae_sp._PB11946FWG155
1042,LWW99_08645,DsrC,DesulfofervidalesDG60_sp._PB11719FWG156
1043,LWX01_07260,DsrC,Seep-SRB2_sp._PB10259FWG173
1044,LWW90_03610,DsrC,Seep-SRB2_sp._PBNA091R45FWG174
1045,LWW95_10575,DsrC,Candidatus Desulfofervidus auxilli_sp._PB12019FWG170
1046,PXF56058,NuoA,
1047,PXF56695.1,NuoA,Seep-SRB1a sp. SM7059A
1048,LWW99_08350,NuoA,Seep-SRB1a sp. CR9063A
1049,LWX01_09355,NuoA,Seep-SRB1g sp. CR10073A
1050,PXF56059,NuoB,
1051,PXF56696.1,NuoB,Seep-SRB1a sp. SM7059A
1052,LWW99_08345,NuoB,Seep-SRB1a sp. CR9063A
1053,LWX01_09360,NuoB,Seep-SRB1g sp. CR10073A
1054,PXF56060,NuoC,
1055,PXF56697.1,NuoC,Seep-SRB1a sp. SM7059A
1056,LWW99_08340,NuoC,Seep-SRB1a sp. CR9063A
1057,LWX01_09365,NuoC,Seep-SRB1g sp. CR10073A
1058,PXF56061,NuoD,
1059,PXF56698.1,NuoD,Seep-SRB1a sp. SM7059A
1060,LWW99_08335,NuoD,Seep-SRB1a sp. CR9063A
1061,LWX01_09370,NuoD,Seep-SRB1g sp. CR10073A
1062,PXF56062,NuoH,
1063,PXF56699.1,NuoH,Seep-SRB1a sp. SM7059A
1064,LWX01_07335,NuoH,Seep-SRB1a sp. CR9063A
1065,PXF56063,NuoI,
1066,PXF56700.1,NuoI,Seep-SRB1a sp. SM7059A
1067,LWX01_07340,NuoI,Seep-SRB1a sp. CR9063A
1068,PXF56064,Unnamed: 38,
1069,PXF56701.1,Unnamed: 38,Seep-SRB1a sp. SM7059A
1070,LWX01_07345,Unnamed: 38,Seep-SRB1a sp. CR9063A
1071,PXF56065,NuoK,
1072,PXF56702.1,NuoK,Seep-SRB1a sp. SM7059A
1073,LWX01_07350,NuoK,Seep-SRB1a sp. CR9063A
1074,PXF56066,NuoL,
1075,PXF56703.1,NuoL,Seep-SRB1a sp. SM7059A
1076,LWX01_07355,NuoL,Seep-SRB1a sp. CR9063A
1077,PXF56067,NuoM,
1078,PXF56704.1,NuoM,Seep-SRB1a sp. SM7059A
1079,LWX01_07360,NuoM,Seep-SRB1a sp. CR9063A
1080,LWX01_07365,NuoM,Seep-SRB1g sp. CR10073A
1081,PXF56068,NuoN,
1082,PXF56705.1,NuoN,Seep-SRB1a sp. SM7059A
1083,LWX01_07370,NuoN,Seep-SRB1a sp. CR9063A
1084,LWX54_00060,MrpD,
1085,LWX51_12370,MrpD,Seep-SRB1a sp. SM7059A
1086,LWX52_01525,MrpD,Seep-SRB1a sp. CR9063A
1087,PXF55936.1,MrpD,Seep-SRB1g sp. CR10073A
1088,PXF56550.1,MrpD,Seep-SRB2 sp. G37
1089,LWW94_00060,MrpD,E20 Seep-SRB2
1090,LWW99_08995,MrpD,Desulfofervidaceae_sp._PB11946FWG155
1091,LWX01_00960,MrpD,DesulfofervidalesDG60_sp._PB11719FWG156
1092,LWW90_05215,MrpD,Seep-SRB2_sp._PB10259FWG173
1093,LWW95_06170,MrpD,Seep-SRB2_sp._PBNA091R45FWG174
1094,LWX54_00070,MrpD.1,
1095,LWX54_00075,MrpD.1,Seep-SRB1a sp. SM7059A
1096,LWX51_12375,MrpD.1,Seep-SRB1a sp. SM7059A
1097,LWX52_01535,MrpD.1,Seep-SRB1a sp. CR9063A
1098,LWX52_01540,MrpD.1,Seep-SRB1a sp. CR9063A
1099,PXF55934.1,MrpD.1,Seep-SRB1a sp. CR9063A
1100,PXF55933.1,MrpD.1,Seep-SRB1g sp. CR10073A
1101,PXF56552.1,MrpD.1,Seep-SRB1g sp. CR10073A
1102,LWW94_00070,MrpD.1,Seep-SRB2 sp. G37
1103,LWW94_00075,MrpD.1,E20 Seep-SRB2
1104,LWW99_09000,MrpD.1,Desulfofervidaceae_sp._PB11946FWG155
1105,LWX01_00955,MrpD.1,Desulfofervidaceae_sp._PB11946FWG155
1106,LWW90_05225,MrpD.1,Desulfofervidaceae_sp._PB11946FWG155
1107,LWW90_05230,MrpD.1,DesulfofervidalesDG60_sp._PB11719FWG156
1108,LWW95_06160,MrpD.1,Seep-SRB2_sp._PB10259FWG173
1109,LWW95_06155,MrpD.1,Seep-SRB2_sp._PBNA091R45FWG174
1110,LWX54_00080,MrpC,
1111,LWX51_12380,MrpC,Seep-SRB1a sp. SM7059A
1112,LWX52_01545,MrpC,Seep-SRB1a sp. CR9063A
1113,LWW94_00080,MrpC,Seep-SRB1g sp. CR10073A
1114,LWW99_09005,MrpC,Seep-SRB2 sp. G37
1115,LWX01_00950,MrpC,E20 Seep-SRB2
1116,LWW90_05235,MrpC,Desulfofervidaceae_sp._PB11946FWG155
1117,LWW95_06150,MrpC,DesulfofervidalesDG60_sp._PB11719FWG156
1118,LWX51_12385,MrpA,
1119,LWX51_12390,Unnamed: 47,
1120,LWX54_00095,MrpG,
1121,LWX51_12395,MrpG,Seep-SRB1a sp. SM7059A
1122,LWX52_01560,MrpG,Seep-SRB1a sp. CR9063A
1123,LWW94_00100,MrpG,Seep-SRB1g sp. CR10073A
1124,LWW99_09020,MrpG,Seep-SRB2 sp. G37
1125,LWX01_00935,MrpG,E20 Seep-SRB2
1126,LWW90_03090,MrpG,Desulfofervidaceae_sp._PB11946FWG155
1127,LWW95_06130,MrpG,DesulfofervidalesDG60_sp._PB11719FWG156
1128,LWX54_00100,MrpF,
1129,LWX51_12400,MrpF,Seep-SRB1a sp. SM7059A
1130,LWX52_01565,MrpF,Seep-SRB1a sp. CR9063A
1131,PXF55930.1,MrpF,Seep-SRB1g sp. CR10073A
1132,PXF56556.1,MrpF,Seep-SRB2 sp. G37
1133,LWW94_00105,MrpF,E20 Seep-SRB2
1134,LWW99_09025,MrpF,Desulfofervidaceae_sp._PB11946FWG155
1135,LWX01_00940,MrpF,DesulfofervidalesDG60_sp._PB11719FWG156
1136,LWW90_03095,MrpF,Seep-SRB2_sp._PB10259FWG173
1137,LWW95_06125,MrpF,Seep-SRB2_sp._PBNA091R45FWG174
1138,LWX51_12405,Unnamed: 50,
1139,LWX54_00110,MrpB,
1140,LWX51_12410,MrpB,Seep-SRB1a sp. SM7059A
1141,LWX52_01575,MrpB,Seep-SRB1a sp. CR9063A
1142,PXF55932.1,MrpB,Seep-SRB1g sp. CR10073A
1143,PXF56554.1,MrpB,Seep-SRB2 sp. G37
1144,LWW94_00085,MrpB,E20 Seep-SRB2
1145,LWW99_09010,MrpB,Desulfofervidaceae_sp._PB11946FWG155
1146,LWX01_00945,MrpB,DesulfofervidalesDG60_sp._PB11719FWG156
1147,LWX54_00115,MrpE,
1148,LWX51_12415,MrpE,Seep-SRB1a sp. SM7059A
1149,LWX52_01580,MrpE,Seep-SRB1a sp. CR9063A
1150,PXF55929.1,MrpE,Seep-SRB1g sp. CR10073A
1151,PXF56564.1,MrpE,Seep-SRB2 sp. G37
1152,LWW94_00110,MrpE,E20 Seep-SRB2
1153,LWW99_09030,MrpE,Desulfofervidaceae_sp._PB11946FWG155
1154,LWX01_00925,MrpE,DesulfofervidalesDG60_sp._PB11719FWG156
1155,LWW90_03100,MrpE,Seep-SRB2_sp._PB10259FWG173
1156,LWW95_06120,MrpE,Seep-SRB2_sp._PBNA091R45FWG174
1157,LWX51_00905,Pfor_C,
1158,LWX51_00910,Pfor_B,
1159,LWX51_00915,Pfor_A,
1160,WP_066065919.1,HdrA1,Hot-Seep1
1161,Ga0402054_bin3_1492,HdrA1,Seep-SRB1a CR9063
1162,Ga0402080_bin2_1254,HdrA1,Seep-SRB1a SM7059
1163,Ga0402030_bin2_837,HdrA1,Seep-SRB1g CR10073
1164,PXF54789.1,HdrA1,G37 Seep-SRB2
1165,PXF60382.1,HdrA1,E20 Seep-SRB2
1166,WP_066062537.1,HdrA2,Hot-Seep1
1167,Ga0402054_bin3_1498,HdrA2,Seep-SRB1a CR9063
1168,Ga0402080_bin2_2107,HdrA2,Seep-SRB1a SM7059
1169,Ga0402030_bin2_1678,HdrA2,Seep-SRB1g CR10073
1170,PXF54228.1,HdrA2,G37 Seep-SRB2
1171,PXF56933.1,HdrA2,E20 Seep-SRB2
1172,WP_066065330.1,HdrA3,Hot-Seep1
1173,Ga0402054_bin3_873,HdrA3,Seep-SRB1a CR9063
1174,Ga0402080_bin2_447,HdrA3,Seep-SRB1a SM7059
1175,Ga0402030_bin2_1691,HdrA3,Seep-SRB1g CR10073
1176,PXF53813.1,HdrA3,G37 Seep-SRB2
1177,PXF58558.1,HdrA3,E20 Seep-SRB2
1178,WP_066063825.1,HdrA4,Hot-Seep1
1179,Ga0402080_bin2_453,HdrA4,Seep-SRB1a CR9063
1180,PXF53184.1,HdrA4,Seep-SRB1a SM7059
1181,PXF57422.1,HdrA4,Seep-SRB1g CR10073
1182,WP_066065908.1,HdrA5,Hot-Seep1
1183,PXF54060.1,HdrA5,Seep-SRB1a CR9063
1184,PXF54059.1,HdrA5,Seep-SRB1a SM7059
1185,PXF58554.1,HdrA5,Seep-SRB1g CR10073
1186,WP_156469425.1,Unnamed: 6,Hot-Seep1
1187,2512525212,nifD,Desulfobacterales_sp._PC51MH44
1188,2502442438,nifD,Desulfobacterales_sp._S5133MH16
1189,2502436386,nifD,Desulfosarcina_sp._BuS5
1190,2508603540,nifD,Desulfococcus_biacutus_KMRActS
1191,2523440421,nifD,Desulfonema_limicola_Jadebusen_DSM_2076
1192,2523111239,nifD,Desulfosarcina_variabilis_Montpellier
1193,2588105616,nifD,Desulfatirhabdium_butyrativorans_DSM_18734
1194,2504153873,nifD,Desulfobacter_postgatei_2ac9
1195,2562334079,nifD,Desulfobacula_toluolica_Tol2
1196,649927908,nifD,Desulforegula_conservatrix_Mb1Pa_DSM_13527
1197,2558016150,nifD,Desulfococcus_oleovorans_Hxd3
1198,2541188527,nifD,Desulfatibacillum_aliphaticivorans_DSM_15576_
1199,2646276671,nifD,Desulfatibacillum_alkenivorans_DSM_16219
1200,2595077940,nifD,Desulfobacterium_anilini_DSM_4660
1201,2524272604,nifD,Desulfobacca_acetoxidans_ASRB2_DSM_11109
1202,OEU59756.1,nifD,Desulfocapsa_sulfexigens_DSM_10523
1203,OEU52422.1,nifD,Desulfobulbus_propionicus_1pr3_DSM_2032
1204,RZB36656.1,nifD,Desulfobulbus_elongatus_DSM_2908
1205,PXF56965.1,nifD,Desulfobulbus_mediterraneus_DSM_13871
1206,OEU59756.1,nifD,Desulfocurvus_vexinensis_DSM_17965
1207,OEU52422.1,nifD,Desulfovibrio_vulgaris_RCH1
1208,MBC2695217.1,nifD,Desulfonatronum_thioautotrophicum_ASO4_1
1209,MBC2719528.1,nifD,Desulfomicrobium_escambiense_DSM_10707
1210,MBT9438261.1,nifD,Shewanella_oneidensis_MR_1
1211,PRJNA762493,nifD,Desulfobacterales_sp._S3730MH5_(Seep_SRB1c)
1212,LWW98_03655,nifD,Desulfobacterales_sp._C00003060_(Seep_SRB1c)
1213,HOAHELHK_00772,nifD,Desulfobacterales_sp._S5133MH4_(Seep_SRB1c)
1214,LCGKHOPJ_01128,nifD,Desulfobacterales_sp._S7086C20_(Seep_SRB1c)
1215,PRJNA762493,nifD,Desulfococcus_sp._C00003104
1216,LWX51_11575,nifD,Desulfococcus_sp._C00003106
1217,PRJNA762493,nifD,Desulfococcus_sp._Cons3730e01UFb1
1218,LWX08_09060,nifD,Desulfobulbaceae_bacterium_C00003063
1219,PRJNA762493,nifD,Desulfobulbaceae_bacterium_S3730MH12
1220,LWX02_02955,nifD,Desulfobulbaceae_bacterium_S5133MH15
1221,PRJNA762493,nifD,Eth-SRB2_sp004193595
1222,LWX54_07315,nifD,SeepSRB2_sp003194495
1223,PRJNA762493,nifD,SeepSRB1g_sp001751015_a
1224,LWX52_00385,nifD,SeepSRB1g_sp001751015_b
1225,PRJNA762493,nifD,SeepSRB1a_sp014237365
1226,LWX55_03765,nifD,SeepSRB1a_sp014237365a
1227,DIFG01000025.1_6,nifD,SeepSRB1a_sp._S7142MS3
1228,LWW95 00545,Periplasmic_formate_dehydrogenase alpha subunit cytc ,Desulfofervidaceae
1229,LWW94 09340,Periplasmic_formate_dehydrogenase alpha subunit cytc ,Desulfofervidaceae sp. PB11946FWG155
1230,LWX55 03505,Periplasmic_formate_dehydrogenase alpha subunit cytc ,SeepSRB1g sp. CR10073B
1231,Desulfobacterales bacterium C00003106,Periplasmic_formate_dehydrogenase alpha subunit cytc ,
1232,Seep-SRB1a AB 03 Bin 172,Periplasmic_formate_dehydrogenase alpha subunit cytc ,
1233,SeepSRB1a sp014237365,Periplasmic_formate_dehydrogenase alpha subunit cytc ,
1234,JABXJW01,Periplasmic_formate_dehydrogenase alpha subunit cytc ,
1235,JABXJX01,Periplasmic_formate_dehydrogenase alpha subunit cytc ,
1236,B23-G16,Periplasmic_formate_dehydrogenase alpha subunit cytc ,
1237,LWX51 08680,Periplasmic_formate_dehydrogenase alpha subunit cytc ,SeepSRB1a sp. CR9063A
1238,LWX08 04765,Periplasmic_formate_dehydrogenase alpha subunit cytc ,SeepSRB1a sp. CR9063B
1239,18192818,Periplasmic_formate_dehydrogenase alpha subunit cytc ,Desulfobacterales sp. Agg-24168b3
1240,Seep-SRB1a Meg22 02 Bin 90,Periplasmic_formate_dehydrogenase alpha subunit cytc ,
1241,Eth-SRB1,Periplasmic_formate_dehydrogenase alpha subunit cytc ,
1242,JACNLL01,Periplasmic_formate_dehydrogenase alpha subunit cytc ,
1243,Eth-SRB1,Periplasmic_formate_dehydrogenase alpha subunit cytc ,
1244,Eth-SRB1,Periplasmic_formate_dehydrogenase alpha subunit cytc ,
1245,2265016719,formate dehydrogenase beta subunit,candidate division OP1 bacterium SCGC AAA255-C06
1246,Eth-SRB2 sp00175005,formate dehydrogenase beta subunit,
1247,Seep-SRB1a AB 03 Bin 172,formate dehydrogenase beta subunit,
1248,Eth-SRB2 sp00175005,formate dehydrogenase beta subunit,
1249,C00003060,formate dehydrogenase beta subunit,
1250,6 SeepSRB2 sp002367355,formate dehydrogenase beta subunit,
1251,Seep-SRB2 Meg22 1618 Bin 149,formate dehydrogenase beta subunit,
1252,2547302051,formate dehydrogenase beta subunit,Verminephrobacter sp. At4
1253,Desulfofervidales sp. DG-60,formate dehydrogenase beta subunit,
1254,SeepSRB1a sp PC51MH44,formate dehydrogenase beta subunit,
1255,LWX55 03500,formate dehydrogenase beta subunit,SeepSRB1g sp. CR10073B
1256,SeepSRB1g sp001751015 b,formate dehydrogenase beta subunit,
1257,Eth-SRB1 sp004193555,formate dehydrogenase beta subunit,
1258,LWW95 00550,formate dehydrogenase beta subunit,Desulfofervidaceae
1259,LWW94 09345,formate dehydrogenase beta subunit,Desulfofervidaceae sp. PB11946FWG155
1260,Eth-SRB1,formate dehydrogenase beta subunit,
1261,Eth-SRB1 sp004193555,formate dehydrogenase beta subunit,
1262,JACNLL01,formate dehydrogenase beta subunit,
1263,JACNLL01,formate dehydrogenase beta subunit,
1264,JACNLL01,formate dehydrogenase beta subunit,
1265,Eth-SRB1 sp004193555,formate dehydrogenase beta subunit,
1266,JABXJX01,formate dehydrogenase beta subunit,
1267,JABXJW01,formate dehydrogenase beta subunit,
1268,Seep-SRB1a Meg22 02 Bin 90,formate dehydrogenase beta subunit,
1269,Seep-SRB1a AB 03 Bin 172,formate dehydrogenase beta subunit,
1270,Seep-SRB1a AB 03 Bin 172,formate dehydrogenase beta subunit,
1271,SeepSRB1a sp014237365,formate dehydrogenase beta subunit,
1272,LWX02 02230,formate dehydrogenase beta subunit,SeepSRB1a sp. CR9063C
1273,LWX08 04770,formate dehydrogenase beta subunit,SeepSRB1a sp. CR9063B
1274,LWX51 08685,formate dehydrogenase beta subunit,SeepSRB1a sp. CR9063A
1275,Desulfobacterales bacterium C00003106,cytoplasmic formate dehydrogenase (next to Acetyl CoA synthase),
1276,SeepSRB1g sp. S7142MS4,cytoplasmic formate dehydrogenase (next to Acetyl CoA synthase),
1277,LWX52 03470,cytoplasmic formate dehydrogenase (next to Acetyl CoA synthase),SeepSRB1g sp. CR10073A
1278,LWX55 08935,cytoplasmic formate dehydrogenase (next to Acetyl CoA synthase),SeepSRB1g sp. CR10073B
1279,Seep-SRB1g AB 1215 Bin 34,cytoplasmic formate dehydrogenase (next to Acetyl CoA synthase),
1280,Seep-SRB1g AB 1215 Bin 34,cytoplasmic formate dehydrogenase (next to Acetyl CoA synthase),
1281,JACNLL01,cytoplasmic formate dehydrogenase (next to Acetyl CoA synthase),
1282,Eth-SRB1,cytoplasmic formate dehydrogenase (next to Acetyl CoA synthase),
1283,Eth-SRB1,cytoplasmic formate dehydrogenase (next to Acetyl CoA synthase),
1284,SeepSRB1a sp013792055,cytoplasmic formate dehydrogenase (next to Acetyl CoA synthase),
1285,LWX51 07630,cytoplasmic formate dehydrogenase (next to Acetyl CoA synthase),SeepSRB1a sp. CR9063A
1286,LWX08 05175,cytoplasmic formate dehydrogenase (next to Acetyl CoA synthase),SeepSRB1a sp. CR9063B
1287,LWX54 02240,cytoplasmic formate dehydrogenase (next to Acetyl CoA synthase),SeepSRB1a sp. SM7059A
1288,SeepSRB1a sp. S7142MS3,cytoplasmic formate dehydrogenase (next to Acetyl CoA synthase),
1289,LWW97 00100,cytoplasmic formate dehydrogenase (next to Acetyl CoA synthase),SeepSRB1a sp. SM14434BFWG172
1290,Seep-SRB1a AB 03 Bin 172,cytoplasmic formate dehydrogenase (next to Acetyl CoA synthase),
1291,SeepSRB1a sp014237365,cytoplasmic formate dehydrogenase (next to Acetyl CoA synthase),
1292,SeepSRB1a sp013792055,nuoEF,
1293,LWX08 06170,nuoEF,SeepSRB1a sp. CR9063B
1294,LWX51 04510,nuoEF,SeepSRB1a sp. CR9063A
1295,LWX55 10005,nuoEF,SeepSRB1g sp. CR10073B
1296,LWX52 07205,nuoEF,SeepSRB1g sp. CR10073A
1297,Desulfobacterales bacterium C00003106,nuoEF,
1298,Desulfobacterales bacterium C00003104,nuoEF,
1299,Desulfobacterales bacterium S3730MH5,nuoEF,
1300,B60-G16,nuoEF,
1301,JABXJX01,nuoEF,
1302,Desulfobacterales bacterium S3730MH5,nuoEF,
1303,Desulfobacterales bacterium S5133MH4,nuoEF,
1304,LWX01 09045,nuoEF,SeepSRB2 sp. PBNA091R45FWG174
1305,LWW99 09920,nuoEF,SeepSRB2 sp. PB10259FWG173
1306,JABXJW01,nuoEF,
1307,Desulfobacterales bacterium S7086C20,nuoEF,
1308,B60-G16,nuoEF,
1309,Desulfobacterales bacterium S3730MH5,nuoEF,
1310,Seep-SRB1g AB 1215 Bin 34,nuoEF,
1311,SeepSRB2 G37 sp003194485,nuoEF,
1312,Seep-SRB2 Meg22 1618 Bin 165,nuoEF,
1313,Seep-SRB2 Meg22 1214 Bin 80,nuoEF,
1314,LWX01 07740,nuoEF,SeepSRB2 sp. PBNA091R45FWG174
1315,LWW99 05335,nuoEF,SeepSRB2 sp. PB10259FWG173
1316,Seep-SRB2 Meg22 1618 Bin 149,nuoEF,
1317,Seep-SRB2 Meg22 1214 Bin 60,nuoEF,
1318,Seep-SRB2 Meg19 1012 Bin 14,nuoEF,
1319,5 SeepSRB2 sp002367355,nuoEF,
1320,Deltaproteobacteria bacterium,nuoEF,
1321,SeepSRB2 sp00364560,nuoEF,
1322,2 SeepSRB2 sp002367355,nuoEF,
1323,SeepSRB2 sp00364560,nuoEF,
1324,LWX55_06175,nfnB,SeepSRB1g sp. CR10073B
1325,Desulfobacterales bacterium C00003106,nfnB,
1326,LWX52_00610 ,nfnB,SeepSRB1g sp. CR10073A
1327,SeepSRB1a_sp013792055,nfnB,
1328,LWW97_09940,nfnB,SeepSRB1a_sp._SM14434BFWG172
1329,Seep-SRB1a_AB_03_Bin_172,nfnB,
1330,Seep-SRB1a_AB_03_Bin_172,nfnB,
1331,SeepSRB1a_sp014237365,nfnB,
1332,SeepSRB1a_sp014237365a,nfnB,
1333,Seep-SRB1a_Meg22_24_Bin_68,nfnB,
1334,SeepSRB1a_sp._S7142MS3,nfnB,
1335,LWX54_10880,nfnB,SeepSRB1a sp. SM7059A
1336,LWX51_15065,nfnB,SeepSRB1a sp013792055
1337,LWX08_05840,nfnB,SeepSRB1a sp. CR9063B
1338,LWW98_05440,nfnB,SeepSRB1a_sp._SM14434AFWG171
1339,JACNLL01 sp014381545,nfnB,
